Universe_Effective_Date,Ticker,Primary_Ticker,Yahoo_Ticker,Secondary_Ticker,Share_Class,Company_Name,Country_of_Listing,Exchange,Primary_Currency,Financials_Native_Currency,Trading_Currency,Reporting_Standard,GICS_Sector,GICS_Industry_Group,GICS_Industry,GICS_Sub_Industry,Custom_Industry_Sheet,Market_Cap_Native,Market_Cap_USD,Shares_Out,Price,Price_Date,Market_Data_As_Of,Financials_As_Of,Fiscal_Year_End,CIK_SEDAR,IR_URL,Latest_Annual_Filing,Latest_Interim_Filing,Dual_Listed,Include_In_Ranking,In_SP500,In_TSX_Composite,In_TSX60,In_SPUS,Data_Source,Retrieval_Date,Notes
2026-08-20,MMM,MMM,MMM,,Common,3M,US,,USD,USD,USD,US-GAAP,Industrials,,,Industrial Conglomerates,Industrials,,,,,,,,,66740.0,,,,No,Yes,Yes,No,No,Yes,Wikipedia 'List of S&P 500 companies' (2026-08-20); validated vs user SPY Holdings.xlsx,2026-08-20,"HQ: Saint Paul, Minnesota; added 1957-03-04"
2026-08-20,AOS,AOS,AOS,,Common,A. O. Smith,US,,USD,USD,USD,US-GAAP,Industrials,,,Building Products,Industrials,,,,,,,,,91142.0,,,,No,Yes,Yes,No,No,Yes,Wikipedia 'List of S&P 500 companies' (2026-08-20); validated vs user SPY Holdings.xlsx,2026-08-20,"HQ: Milwaukee, Wisconsin; added 2017-07-26"
2026-08-20,AES,AES,AES,,Common,AES Corporation,US,,USD,USD,USD,US-GAAP,Utilities,,,Independent Power Producers & Energy Traders,Utilities_Regulated,,,,,,,,,874761.0,,,,No,Yes,Yes,No,No,No,Wikipedia 'List of S&P 500 companies' (2026-08-20); validated vs user SPY Holdings.xlsx,2026-08-20,"HQ: Arlington, Virginia; added 1998-10-02"
2026-08-20,APA,APA,APA,,Common,APA Corporation,US,,USD,USD,USD,US-GAAP,Energy,,,Oil & Gas Exploration & Production,Oil_Gas_Producers,,,,,,,,,1841666.0,,,,No,Yes,Yes,No,No,No,Wikipedia 'List of S&P 500 companies' (2026-08-20); validated vs user SPY Holdings.xlsx,2026-08-20,"HQ: Houston, Texas; added 1997-07-28"
2026-08-20,T,T,T,,Common,AT&T,US,,USD,USD,USD,US-GAAP,Communication Services,,,Integrated Telecommunication Services,Telecom,,,,,,,,,732717.0,,,,No,Yes,Yes,No,No,No,Wikipedia 'List of S&P 500 companies' (2026-08-20); validated vs user SPY Holdings.xlsx,2026-08-20,"HQ: Dallas, Texas; added 1983-11-30"
2026-08-20,ABBV,ABBV,ABBV,,Common,AbbVie,US,,USD,USD,USD,US-GAAP,Health Care,,,Biotechnology,Pharma,,,,,,,,,1551152.0,,,,No,Yes,Yes,No,No,Yes,Wikipedia 'List of S&P 500 companies' (2026-08-20); validated vs user SPY Holdings.xlsx,2026-08-20,"HQ: North Chicago, Illinois; added 2012-12-31"
2026-08-20,ABT,ABT,ABT,,Common,Abbott Laboratories,US,,USD,USD,USD,US-GAAP,Health Care,,,Health Care Equipment,Medical_Devices_Services,,,,,,,,,1800.0,,,,No,Yes,Yes,No,No,Yes,Wikipedia 'List of S&P 500 companies' (2026-08-20); validated vs user SPY Holdings.xlsx,2026-08-20,"HQ: North Chicago, Illinois; added 1957-03-04"
2026-08-20,ACN,ACN,ACN,,Common,Accenture,US,,USD,USD,USD,US-GAAP,Information Technology,,,IT Consulting & Other Services,Software,,,,,,,,,1467373.0,,,,No,Yes,Yes,No,No,Yes,Wikipedia 'List of S&P 500 companies' (2026-08-20); validated vs user SPY Holdings.xlsx,2026-08-20,"HQ: Dublin, Ireland; added 2011-07-06"
2026-08-20,ADBE,ADBE,ADBE,,Common,Adobe Inc.,US,,USD,USD,USD,US-GAAP,Information Technology,,,Application Software,Software,,,,,,,,,796343.0,,,,No,Yes,Yes,No,No,Yes,Wikipedia 'List of S&P 500 companies' (2026-08-20); validated vs user SPY Holdings.xlsx,2026-08-20,"HQ: San Jose, California; added 1997-05-05"
2026-08-20,AMD,AMD,AMD,,Common,Advanced Micro Devices,US,,USD,USD,USD,US-GAAP,Information Technology,,,Semiconductors,Semiconductors_Components,,,,,,,,,2488.0,,,,No,Yes,Yes,No,No,Yes,Wikipedia 'List of S&P 500 companies' (2026-08-20); validated vs user SPY Holdings.xlsx,2026-08-20,"HQ: Santa Clara, California; added 2017-03-20"
2026-08-20,AFL,AFL,AFL,,Common,Aflac,US,,USD,USD,USD,US-GAAP,Financials,,,Life & Health Insurance,Insurance,,,,,,,,,4977.0,,,,No,Yes,Yes,No,No,No,Wikipedia 'List of S&P 500 companies' (2026-08-20); validated vs user SPY Holdings.xlsx,2026-08-20,"HQ: Columbus, Georgia; added 1999-05-28"
2026-08-20,A,A,A,,Common,Agilent Technologies,US,,USD,USD,USD,US-GAAP,Health Care,,,Life Sciences Tools & Services,Medical_Devices_Services,,,,,,,,,1090872.0,,,,No,Yes,Yes,No,No,Yes,Wikipedia 'List of S&P 500 companies' (2026-08-20); validated vs user SPY Holdings.xlsx,2026-08-20,"HQ: Santa Clara, California; added 2000-06-05"
2026-08-20,APD,APD,APD,,Common,Air Products,US,,USD,USD,USD,US-GAAP,Materials,,,Industrial Gases,Materials,,,,,,,,,2969.0,,,,No,Yes,Yes,No,No,Yes,Wikipedia 'List of S&P 500 companies' (2026-08-20); validated vs user SPY Holdings.xlsx,2026-08-20,"HQ: Upper Macungie Township, Pennsylvania; added 1985-04-30"
2026-08-20,ABNB,ABNB,ABNB,,Common,Airbnb,US,,USD,USD,USD,US-GAAP,Consumer Discretionary,,,"Hotels, Resorts & Cruise Lines",Consumer_Cyclical,,,,,,,,,1559720.0,,,,No,Yes,Yes,No,No,No,Wikipedia 'List of S&P 500 companies' (2026-08-20); validated vs user SPY Holdings.xlsx,2026-08-20,"HQ: San Francisco, California; added 2023-09-18"
2026-08-20,AKAM,AKAM,AKAM,,Common,Akamai Technologies,US,,USD,USD,USD,US-GAAP,Information Technology,,,Internet Services & Infrastructure,Tech,,,,,,,,,1086222.0,,,,No,Yes,Yes,No,No,Yes,Wikipedia 'List of S&P 500 companies' (2026-08-20); validated vs user SPY Holdings.xlsx,2026-08-20,"HQ: Cambridge, Massachusetts; added 2007-07-12"
2026-08-20,ALB,ALB,ALB,,Common,Albemarle Corporation,US,,USD,USD,USD,US-GAAP,Materials,,,Specialty Chemicals,Materials,,,,,,,,,915913.0,,,,No,Yes,Yes,No,No,Yes,Wikipedia 'List of S&P 500 companies' (2026-08-20); validated vs user SPY Holdings.xlsx,2026-08-20,"HQ: Charlotte, North Carolina; added 2016-07-01"
2026-08-20,ARE,ARE,ARE,,Common,Alexandria Real Estate Equities,US,,USD,USD,USD,US-GAAP,Real Estate,,,Office REITs,Real_Estate,,,,,,,,,1035443.0,,,,No,Yes,Yes,No,No,No,Wikipedia 'List of S&P 500 companies' (2026-08-20); validated vs user SPY Holdings.xlsx,2026-08-20,"HQ: Pasadena, California; added 2017-03-20"
2026-08-20,ALGN,ALGN,ALGN,,Common,Align Technology,US,,USD,USD,USD,US-GAAP,Health Care,,,Health Care Supplies,Medical_Devices_Services,,,,,,,,,1097149.0,,,,No,Yes,Yes,No,No,Yes,Wikipedia 'List of S&P 500 companies' (2026-08-20); validated vs user SPY Holdings.xlsx,2026-08-20,"HQ: Tempe, Arizona; added 2017-06-19"
2026-08-20,ALLE,ALLE,ALLE,,Common,Allegion,US,,USD,USD,USD,US-GAAP,Industrials,,,Building Products,Industrials,,,,,,,,,1579241.0,,,,No,Yes,Yes,No,No,Yes,Wikipedia 'List of S&P 500 companies' (2026-08-20); validated vs user SPY Holdings.xlsx,2026-08-20,"HQ: Dublin, Ireland; added 2013-12-02"
2026-08-20,LNT,LNT,LNT,,Common,Alliant Energy,US,,USD,USD,USD,US-GAAP,Utilities,,,Electric Utilities,Utilities_Regulated,,,,,,,,,352541.0,,,,No,Yes,Yes,No,No,No,Wikipedia 'List of S&P 500 companies' (2026-08-20); validated vs user SPY Holdings.xlsx,2026-08-20,"HQ: Madison, Wisconsin; added 2016-07-01"
2026-08-20,ALL,ALL,ALL,,Common,Allstate,US,,USD,USD,USD,US-GAAP,Financials,,,Property & Casualty Insurance,Insurance,,,,,,,,,899051.0,,,,No,Yes,Yes,No,No,No,Wikipedia 'List of S&P 500 companies' (2026-08-20); validated vs user SPY Holdings.xlsx,2026-08-20,"HQ: Northbrook, Illinois; added 1995-07-13"
2026-08-20,GOOGL,GOOGL,GOOGL,GOOG,Class A (primary),Alphabet Inc.,US,,USD,USD,USD,US-GAAP,Communication Services,,,Interactive Media & Services,Internet_Platforms,,,,,,,,,1652044.0,,,,No,Yes,Yes,No,No,Yes,Wikipedia 'List of S&P 500 companies' (2026-08-20); validated vs user SPY Holdings.xlsx,2026-08-20,"HQ: Mountain View, California; added 2006-04-03"
2026-08-20,MO,MO,MO,,Common,Altria,US,,USD,USD,USD,US-GAAP,Consumer Staples,,,Tobacco,Consumer_Goods,,,,,,,,,764180.0,,,,No,Yes,Yes,No,No,No,Wikipedia 'List of S&P 500 companies' (2026-08-20); validated vs user SPY Holdings.xlsx,2026-08-20,"HQ: Richmond, Virginia; added 1957-03-04"
2026-08-20,AMZN,AMZN,AMZN,,Common,Amazon,US,,USD,USD,USD,US-GAAP,Consumer Discretionary,,,Broadline Retail,Retail,,,,,,,,,1018724.0,,,,No,Yes,Yes,No,No,No,Wikipedia 'List of S&P 500 companies' (2026-08-20); validated vs user SPY Holdings.xlsx,2026-08-20,"HQ: Seattle, Washington; added 2005-11-18"
2026-08-20,AMCR,AMCR,AMCR,,Common,Amcor,US,,USD,USD,USD,US-GAAP,Materials,,,Paper & Plastic Packaging Products & Materials,Materials,,,,,,,,,1748790.0,,,,No,Yes,Yes,No,No,No,Wikipedia 'List of S&P 500 companies' (2026-08-20); validated vs user SPY Holdings.xlsx,2026-08-20,"HQ: Warmley, Bristol, United Kingdom; added 2019-06-07"
2026-08-20,AEE,AEE,AEE,,Common,Ameren,US,,USD,USD,USD,US-GAAP,Utilities,,,Multi-Utilities,Utilities_Regulated,,,,,,,,,1002910.0,,,,No,Yes,Yes,No,No,No,Wikipedia 'List of S&P 500 companies' (2026-08-20); validated vs user SPY Holdings.xlsx,2026-08-20,"HQ: St. Louis, Missouri; added 1991-09-19"
2026-08-20,AEP,AEP,AEP,,Common,American Electric Power,US,,USD,USD,USD,US-GAAP,Utilities,,,Electric Utilities,Utilities_Regulated,,,,,,,,,4904.0,,,,No,Yes,Yes,No,No,No,Wikipedia 'List of S&P 500 companies' (2026-08-20); validated vs user SPY Holdings.xlsx,2026-08-20,"HQ: Columbus, Ohio; added 1957-03-04"
2026-08-20,AXP,AXP,AXP,,Common,American Express,US,,USD,USD,USD,US-GAAP,Financials,,,Consumer Finance,Credit_Services,,,,,,,,,4962.0,,,,No,Yes,Yes,No,No,No,Wikipedia 'List of S&P 500 companies' (2026-08-20); validated vs user SPY Holdings.xlsx,2026-08-20,"HQ: New York City, New York; added 1976-06-30"
2026-08-20,AIG,AIG,AIG,,Common,American International Group,US,,USD,USD,USD,US-GAAP,Financials,,,Multi-line Insurance,Insurance,,,,,,,,,5272.0,,,,No,Yes,Yes,No,No,No,Wikipedia 'List of S&P 500 companies' (2026-08-20); validated vs user SPY Holdings.xlsx,2026-08-20,"HQ: New York City, New York; added 1980-03-31"
2026-08-20,AMT,AMT,AMT,,Common,American Tower,US,,USD,USD,USD,US-GAAP,Real Estate,,,Telecom Tower REITs,Real_Estate,,,,,,,,,1053507.0,,,,No,Yes,Yes,No,No,No,Wikipedia 'List of S&P 500 companies' (2026-08-20); validated vs user SPY Holdings.xlsx,2026-08-20,"HQ: Boston, Massachusetts; added 2007-11-19"
2026-08-20,AWK,AWK,AWK,,Common,American Water Works,US,,USD,USD,USD,US-GAAP,Utilities,,,Water Utilities,Utilities_Regulated,,,,,,,,,1410636.0,,,,No,Yes,Yes,No,No,No,Wikipedia 'List of S&P 500 companies' (2026-08-20); validated vs user SPY Holdings.xlsx,2026-08-20,"HQ: Camden, New Jersey; added 2016-03-04"
2026-08-20,AMP,AMP,AMP,,Common,Ameriprise Financial,US,,USD,USD,USD,US-GAAP,Financials,,,Asset Management & Custody Banks,Banks,,,,,,,,,820027.0,,,,No,Yes,Yes,No,No,No,Wikipedia 'List of S&P 500 companies' (2026-08-20); validated vs user SPY Holdings.xlsx,2026-08-20,"HQ: Minneapolis, Minnesota; added 2005-10-03"
2026-08-20,AME,AME,AME,,Common,Ametek,US,,USD,USD,USD,US-GAAP,Industrials,,,Electrical Components & Equipment,Industrials,,,,,,,,,1037868.0,,,,No,Yes,Yes,No,No,No,Wikipedia 'List of S&P 500 companies' (2026-08-20); validated vs user SPY Holdings.xlsx,2026-08-20,"HQ: Berwyn, Pennsylvania; added 2013-09-23"
2026-08-20,AMGN,AMGN,AMGN,,Common,Amgen,US,,USD,USD,USD,US-GAAP,Health Care,,,Biotechnology,Biotech,,,,,,,,,318154.0,,,,No,Yes,Yes,No,No,No,Wikipedia 'List of S&P 500 companies' (2026-08-20); validated vs user SPY Holdings.xlsx,2026-08-20,"HQ: Thousand Oaks, California; added 1992-01-02"
2026-08-20,APH,APH,APH,,Common,Amphenol,US,,USD,USD,USD,US-GAAP,Information Technology,,,Electronic Components,Tech,,,,,,,,,820313.0,,,,No,Yes,Yes,No,No,No,Wikipedia 'List of S&P 500 companies' (2026-08-20); validated vs user SPY Holdings.xlsx,2026-08-20,"HQ: Wallingford, Connecticut; added 2008-09-30"
2026-08-20,ADI,ADI,ADI,,Common,Analog Devices,US,,USD,USD,USD,US-GAAP,Information Technology,,,Semiconductors,Semiconductors_Components,,,,,,,,,6281.0,,,,No,Yes,Yes,No,No,Yes,Wikipedia 'List of S&P 500 companies' (2026-08-20); validated vs user SPY Holdings.xlsx,2026-08-20,"HQ: Wilmington, Massachusetts; added 1999-10-12"
2026-08-20,AON,AON,AON,,Common,Aon plc,US,,USD,USD,USD,US-GAAP,Financials,,,Insurance Brokers,Insurance,,,,,,,,,315293.0,,,,No,Yes,Yes,No,No,No,Wikipedia 'List of S&P 500 companies' (2026-08-20); validated vs user SPY Holdings.xlsx,2026-08-20,"HQ: London, United Kingdom; added 1996-04-23"
2026-08-20,APO,APO,APO,,Common,Apollo Global Management,US,,USD,USD,USD,US-GAAP,Financials,,,Asset Management & Custody Banks,Banks,,,,,,,,,1858681.0,,,,No,Yes,Yes,No,No,No,Wikipedia 'List of S&P 500 companies' (2026-08-20); validated vs user SPY Holdings.xlsx,2026-08-20,"HQ: New York City, New York; added 2024-12-23"
2026-08-20,APP,APP,APP,,Common,AppLovin,US,,USD,USD,USD,US-GAAP,Communication Services,,,Advertising,Streaming_Entertainment,,,,,,,,,1751008.0,,,,No,Yes,Yes,No,No,No,Wikipedia 'List of S&P 500 companies' (2026-08-20); validated vs user SPY Holdings.xlsx,2026-08-20,"HQ: Palo Alto, California; added 2025-09-22"
2026-08-20,AAPL,AAPL,AAPL,,Common,Apple Inc.,US,,USD,USD,USD,US-GAAP,Information Technology,,,"Technology Hardware, Storage & Peripherals",Tech,,,,,,,,,320193.0,,,,No,Yes,Yes,No,No,Yes,Wikipedia 'List of S&P 500 companies' (2026-08-20); validated vs user SPY Holdings.xlsx,2026-08-20,"HQ: Cupertino, California; added 1982-11-30"
2026-08-20,AMAT,AMAT,AMAT,,Common,Applied Materials,US,,USD,USD,USD,US-GAAP,Information Technology,,,Semiconductor Materials & Equipment,Semiconductors_Components,,,,,,,,,6951.0,,,,No,Yes,Yes,No,No,Yes,Wikipedia 'List of S&P 500 companies' (2026-08-20); validated vs user SPY Holdings.xlsx,2026-08-20,"HQ: Santa Clara, California; added 1995-03-16"
2026-08-20,APTV,APTV,APTV,,Common,Aptiv,US,,USD,USD,USD,US-GAAP,Consumer Discretionary,,,Automotive Parts & Equipment,Autos,,,,,,,,,1521332.0,,,,No,Yes,Yes,No,No,No,Wikipedia 'List of S&P 500 companies' (2026-08-20); validated vs user SPY Holdings.xlsx,2026-08-20,"HQ: Schaffhausen, Switzerland; added 2012-12-24"
2026-08-20,ACGL,ACGL,ACGL,,Common,Arch Capital Group,US,,USD,USD,USD,US-GAAP,Financials,,,Property & Casualty Insurance,Insurance,,,,,,,,,947484.0,,,,No,Yes,Yes,No,No,No,Wikipedia 'List of S&P 500 companies' (2026-08-20); validated vs user SPY Holdings.xlsx,2026-08-20,"HQ: Hamilton, Bermuda; added 2022-11-01"
2026-08-20,ADM,ADM,ADM,,Common,Archer Daniels Midland,US,,USD,USD,USD,US-GAAP,Consumer Staples,,,Agricultural Products & Services,Consumer_Defensive,,,,,,,,,7084.0,,,,No,Yes,Yes,No,No,Yes,Wikipedia 'List of S&P 500 companies' (2026-08-20); validated vs user SPY Holdings.xlsx,2026-08-20,"HQ: Chicago, Illinois; added 1957-03-04"
2026-08-20,ARES,ARES,ARES,,Common,Ares Management,US,,USD,USD,USD,US-GAAP,Financials,,,Asset Management & Custody Banks,Banks,,,,,,,,,1176948.0,,,,No,Yes,Yes,No,No,No,Wikipedia 'List of S&P 500 companies' (2026-08-20); validated vs user SPY Holdings.xlsx,2026-08-20,"HQ: Los Angeles, California; added 2025-12-11"
2026-08-20,ANET,ANET,ANET,,Common,Arista Networks,US,,USD,USD,USD,US-GAAP,Information Technology,,,Communications Equipment,Networking,,,,,,,,,1596532.0,,,,No,Yes,Yes,No,No,Yes,Wikipedia 'List of S&P 500 companies' (2026-08-20); validated vs user SPY Holdings.xlsx,2026-08-20,"HQ: Santa Clara, California; added 2018-08-28"
2026-08-20,AJG,AJG,AJG,,Common,Arthur J. Gallagher & Co.,US,,USD,USD,USD,US-GAAP,Financials,,,Insurance Brokers,Insurance,,,,,,,,,354190.0,,,,No,Yes,Yes,No,No,No,Wikipedia 'List of S&P 500 companies' (2026-08-20); validated vs user SPY Holdings.xlsx,2026-08-20,"HQ: Rolling Meadows, Illinois; added 2016-05-31"
2026-08-20,AIZ,AIZ,AIZ,,Common,Assurant,US,,USD,USD,USD,US-GAAP,Financials,,,Multi-line Insurance,Insurance,,,,,,,,,1267238.0,,,,No,Yes,Yes,No,No,No,Wikipedia 'List of S&P 500 companies' (2026-08-20); validated vs user SPY Holdings.xlsx,2026-08-20,"HQ: Atlanta, Georgia; added 2007-04-10"
2026-08-20,ATO,ATO,ATO,,Common,Atmos Energy,US,,USD,USD,USD,US-GAAP,Utilities,,,Gas Utilities,Utilities_Regulated,,,,,,,,,731802.0,,,,No,Yes,Yes,No,No,No,Wikipedia 'List of S&P 500 companies' (2026-08-20); validated vs user SPY Holdings.xlsx,2026-08-20,"HQ: Dallas, Texas; added 2019-02-15"
2026-08-20,AZO,AZO,AZO,,Common,AutoZone,US,,USD,USD,USD,US-GAAP,Consumer Discretionary,,,Automotive Retail,Retail,,,,,,,,,866787.0,,,,No,Yes,Yes,No,No,Yes,Wikipedia 'List of S&P 500 companies' (2026-08-20); validated vs user SPY Holdings.xlsx,2026-08-20,"HQ: Memphis, Tennessee; added 1997-01-02"
2026-08-20,ADSK,ADSK,ADSK,,Common,Autodesk,US,,USD,USD,USD,US-GAAP,Information Technology,,,Application Software,Software,,,,,,,,,769397.0,,,,No,Yes,Yes,No,No,Yes,Wikipedia 'List of S&P 500 companies' (2026-08-20); validated vs user SPY Holdings.xlsx,2026-08-20,"HQ: San Francisco, California; added 1989-12-01"
2026-08-20,ADP,ADP,ADP,,Common,Automatic Data Processing,US,,USD,USD,USD,US-GAAP,Industrials,,,Human Resource & Employment Services,Industrials,,,,,,,,,8670.0,,,,No,Yes,Yes,No,No,No,Wikipedia 'List of S&P 500 companies' (2026-08-20); validated vs user SPY Holdings.xlsx,2026-08-20,"HQ: Roseland, New Jersey; added 1981-03-31"
2026-08-20,AVY,AVY,AVY,,Common,Avery Dennison,US,,USD,USD,USD,US-GAAP,Materials,,,Paper & Plastic Packaging Products & Materials,Materials,,,,,,,,,8818.0,,,,No,Yes,Yes,No,No,Yes,Wikipedia 'List of S&P 500 companies' (2026-08-20); validated vs user SPY Holdings.xlsx,2026-08-20,"HQ: Mentor, Ohio; added 1987-12-31"
2026-08-20,AXON,AXON,AXON,,Common,Axon Enterprise,US,,USD,USD,USD,US-GAAP,Industrials,,,Aerospace & Defense,Industrials,,,,,,,,,1069183.0,,,,No,Yes,Yes,No,No,No,Wikipedia 'List of S&P 500 companies' (2026-08-20); validated vs user SPY Holdings.xlsx,2026-08-20,"HQ: Scottsdale, Arizona; added 2023-05-04"
2026-08-20,BNY,BNY,BNY,,Common,BNY Mellon,US,,USD,USD,USD,US-GAAP,Financials,,,Asset Management & Custody Banks,Banks,,,,,,,,,1390777.0,,,,No,Yes,Yes,No,No,No,Wikipedia 'List of S&P 500 companies' (2026-08-20); validated vs user SPY Holdings.xlsx,2026-08-20,"HQ: New York City, New York; added 1995-03-31"
2026-08-20,BXP,BXP,BXP,,Common,"BXP, Inc.",US,,USD,USD,USD,US-GAAP,Real Estate,,,Office REITs,Real_Estate,,,,,,,,,1037540.0,,,,No,Yes,Yes,No,No,No,Wikipedia 'List of S&P 500 companies' (2026-08-20); validated vs user SPY Holdings.xlsx,2026-08-20,"HQ: Boston, Massachusetts; added 2006-04-03"
2026-08-20,BKR,BKR,BKR,,Common,Baker Hughes,US,,USD,USD,USD,US-GAAP,Energy,,,Oil & Gas Equipment & Services,Oil_Gas_Producers,,,,,,,,,1701605.0,,,,No,Yes,Yes,No,No,No,Wikipedia 'List of S&P 500 companies' (2026-08-20); validated vs user SPY Holdings.xlsx,2026-08-20,"HQ: Houston, Texas; added 2017-07-07"
2026-08-20,BALL,BALL,BALL,,Common,Ball Corporation,US,,USD,USD,USD,US-GAAP,Materials,,,"Metal, Glass & Plastic Containers",Materials,,,,,,,,,9389.0,,,,No,Yes,Yes,No,No,No,Wikipedia 'List of S&P 500 companies' (2026-08-20); validated vs user SPY Holdings.xlsx,2026-08-20,"HQ: Broomfield, Colorado; added 1984-10-31"
2026-08-20,BAC,BAC,BAC,,Common,Bank of America,US,,USD,USD,USD,US-GAAP,Financials,,,Diversified Banks,Banks,,,,,,,,,70858.0,,,,No,Yes,Yes,No,No,No,Wikipedia 'List of S&P 500 companies' (2026-08-20); validated vs user SPY Holdings.xlsx,2026-08-20,"HQ: Charlotte, North Carolina; added 1976-06-30"
2026-08-20,BAX,BAX,BAX,,Common,Baxter International,US,,USD,USD,USD,US-GAAP,Health Care,,,Health Care Equipment,Medical_Devices_Services,,,,,,,,,10456.0,,,,No,Yes,Yes,No,No,No,Wikipedia 'List of S&P 500 companies' (2026-08-20); validated vs user SPY Holdings.xlsx,2026-08-20,"HQ: Deerfield, Illinois; added 1972-09-30"
2026-08-20,BDX,BDX,BDX,,Common,Becton Dickinson,US,,USD,USD,USD,US-GAAP,Health Care,,,Health Care Equipment,Medical_Devices_Services,,,,,,,,,10795.0,,,,No,Yes,Yes,No,No,Yes,Wikipedia 'List of S&P 500 companies' (2026-08-20); validated vs user SPY Holdings.xlsx,2026-08-20,"HQ: Franklin Lakes, New Jersey; added 1972-09-30"
2026-08-20,BRK.B,BRK-B,BRK-B,,Class B,Berkshire Hathaway,US,,USD,USD,USD,US-GAAP,Financials,,,Multi-Sector Holdings,Financials,,,,,,,,,1067983.0,,,,No,Yes,Yes,No,No,No,Wikipedia 'List of S&P 500 companies' (2026-08-20); validated vs user SPY Holdings.xlsx,2026-08-20,"HQ: Omaha, Nebraska; added 2010-02-16"
2026-08-20,BBY,BBY,BBY,,Common,Best Buy,US,,USD,USD,USD,US-GAAP,Consumer Discretionary,,,Computer & Electronics Retail,Retail,,,,,,,,,764478.0,,,,No,Yes,Yes,No,No,Yes,Wikipedia 'List of S&P 500 companies' (2026-08-20); validated vs user SPY Holdings.xlsx,2026-08-20,"HQ: Richfield, Minnesota; added 1999-06-29"
2026-08-20,TECH,TECH,TECH,,Common,Bio-Techne,US,,USD,USD,USD,US-GAAP,Health Care,,,Life Sciences Tools & Services,Medical_Devices_Services,,,,,,,,,842023.0,,,,No,Yes,Yes,No,No,Yes,Wikipedia 'List of S&P 500 companies' (2026-08-20); validated vs user SPY Holdings.xlsx,2026-08-20,"HQ: Minneapolis, Minnesota; added 2021-08-30"
2026-08-20,BIIB,BIIB,BIIB,,Common,Biogen,US,,USD,USD,USD,US-GAAP,Health Care,,,Biotechnology,Biotech,,,,,,,,,875045.0,,,,No,Yes,Yes,No,No,Yes,Wikipedia 'List of S&P 500 companies' (2026-08-20); validated vs user SPY Holdings.xlsx,2026-08-20,"HQ: Cambridge, Massachusetts; added 2003-11-13"
2026-08-20,BLK,BLK,BLK,,Common,BlackRock,US,,USD,USD,USD,US-GAAP,Financials,,,Asset Management & Custody Banks,Banks,,,,,,,,,2012383.0,,,,No,Yes,Yes,No,No,No,Wikipedia 'List of S&P 500 companies' (2026-08-20); validated vs user SPY Holdings.xlsx,2026-08-20,"HQ: New York City, New York; added 2011-04-04"
2026-08-20,BX,BX,BX,,Common,Blackstone Inc.,US,,USD,USD,USD,US-GAAP,Financials,,,Asset Management & Custody Banks,Banks,,,,,,,,,1393818.0,,,,No,Yes,Yes,No,No,No,Wikipedia 'List of S&P 500 companies' (2026-08-20); validated vs user SPY Holdings.xlsx,2026-08-20,"HQ: New York City, New York; added 2023-09-18"
2026-08-20,XYZ,XYZ,XYZ,,Common,"Block, Inc.",US,,USD,USD,USD,US-GAAP,Financials,,,Transaction & Payment Processing Services,Financials,,,,,,,,,1512673.0,,,,No,Yes,Yes,No,No,No,Wikipedia 'List of S&P 500 companies' (2026-08-20); validated vs user SPY Holdings.xlsx,2026-08-20,HQ: none; added 2025-07-23
2026-08-20,BA,BA,BA,,Common,Boeing,US,,USD,USD,USD,US-GAAP,Industrials,,,Aerospace & Defense,Industrials,,,,,,,,,12927.0,,,,No,Yes,Yes,No,No,No,Wikipedia 'List of S&P 500 companies' (2026-08-20); validated vs user SPY Holdings.xlsx,2026-08-20,"HQ: Arlington, Virginia; added 1957-03-04"
2026-08-20,BKNG,BKNG,BKNG,,Common,Booking Holdings,US,,USD,USD,USD,US-GAAP,Consumer Discretionary,,,"Hotels, Resorts & Cruise Lines",Consumer_Cyclical,,,,,,,,,1075531.0,,,,No,Yes,Yes,No,No,Yes,Wikipedia 'List of S&P 500 companies' (2026-08-20); validated vs user SPY Holdings.xlsx,2026-08-20,"HQ: Norwalk, Connecticut; added 2009-11-06"
2026-08-20,BSX,BSX,BSX,,Common,Boston Scientific,US,,USD,USD,USD,US-GAAP,Health Care,,,Health Care Equipment,Medical_Devices_Services,,,,,,,,,885725.0,,,,No,Yes,Yes,No,No,Yes,Wikipedia 'List of S&P 500 companies' (2026-08-20); validated vs user SPY Holdings.xlsx,2026-08-20,"HQ: Marlborough, Massachusetts; added 1995-02-24"
2026-08-20,BMY,BMY,BMY,,Common,Bristol Myers Squibb,US,,USD,USD,USD,US-GAAP,Health Care,,,Pharmaceuticals,Pharma,,,,,,,,,14272.0,,,,No,Yes,Yes,No,No,No,Wikipedia 'List of S&P 500 companies' (2026-08-20); validated vs user SPY Holdings.xlsx,2026-08-20,"HQ: New York City, New York; added 1957-03-04"
2026-08-20,AVGO,AVGO,AVGO,,Common,Broadcom,US,,USD,USD,USD,US-GAAP,Information Technology,,,Semiconductors,Semiconductors_Components,,,,,,,,,1730168.0,,,,No,Yes,Yes,No,No,Yes,Wikipedia 'List of S&P 500 companies' (2026-08-20); validated vs user SPY Holdings.xlsx,2026-08-20,"HQ: Palo Alto, California; added 2014-05-08"
2026-08-20,BR,BR,BR,,Common,Broadridge Financial Solutions,US,,USD,USD,USD,US-GAAP,Industrials,,,Data Processing & Outsourced Services,Industrials,,,,,,,,,1383312.0,,,,No,Yes,Yes,No,No,No,Wikipedia 'List of S&P 500 companies' (2026-08-20); validated vs user SPY Holdings.xlsx,2026-08-20,"HQ: Lake Success, New York; added 2018-06-18"
2026-08-20,BRO,BRO,BRO,,Common,Brown & Brown,US,,USD,USD,USD,US-GAAP,Financials,,,Insurance Brokers,Insurance,,,,,,,,,79282.0,,,,No,Yes,Yes,No,No,No,Wikipedia 'List of S&P 500 companies' (2026-08-20); validated vs user SPY Holdings.xlsx,2026-08-20,"HQ: Daytona Beach, Florida; added 2021-09-20"
2026-08-20,BF.B,BF-B,BF-B,,Class B,Brown–Forman,US,,USD,USD,USD,US-GAAP,Consumer Staples,,,Distillers & Vintners,Consumer_Defensive,,,,,,,,,14693.0,,,,No,Yes,Yes,No,No,No,Wikipedia 'List of S&P 500 companies' (2026-08-20); validated vs user SPY Holdings.xlsx,2026-08-20,"HQ: Louisville, Kentucky; added 1982-10-31"
2026-08-20,BLDR,BLDR,BLDR,,Common,Builders FirstSource,US,,USD,USD,USD,US-GAAP,Industrials,,,Building Products,Industrials,,,,,,,,,1316835.0,,,,No,Yes,Yes,No,No,Yes,Wikipedia 'List of S&P 500 companies' (2026-08-20); validated vs user SPY Holdings.xlsx,2026-08-20,"HQ: Irving, Texas; added 2023-12-18"
2026-08-20,BG,BG,BG,,Common,Bunge Global,US,,USD,USD,USD,US-GAAP,Consumer Staples,,,Agricultural Products & Services,Consumer_Defensive,,,,,,,,,1996862.0,,,,No,Yes,Yes,No,No,No,Wikipedia 'List of S&P 500 companies' (2026-08-20); validated vs user SPY Holdings.xlsx,2026-08-20,"HQ: Chesterfield, Missouri; added 2023-03-15"
2026-08-20,CHRW,CHRW,CHRW,,Common,C.H. Robinson,US,,USD,USD,USD,US-GAAP,Industrials,,,Air Freight & Logistics,Industrials,,,,,,,,,1043277.0,,,,No,Yes,Yes,No,No,Yes,Wikipedia 'List of S&P 500 companies' (2026-08-20); validated vs user SPY Holdings.xlsx,2026-08-20,"HQ: Eden Prairie, Minnesota; added 2007-03-02"
2026-08-20,CBRE,CBRE,CBRE,,Common,CBRE Group,US,,USD,USD,USD,US-GAAP,Real Estate,,,Real Estate Services,Real_Estate,,,,,,,,,1138118.0,,,,No,Yes,Yes,No,No,No,Wikipedia 'List of S&P 500 companies' (2026-08-20); validated vs user SPY Holdings.xlsx,2026-08-20,"HQ: Dallas, Texas; added 2006-11-10"
2026-08-20,CDW,CDW,CDW,,Common,CDW Corporation,US,,USD,USD,USD,US-GAAP,Information Technology,,,Technology Distributors,Tech,,,,,,,,,1402057.0,,,,No,Yes,Yes,No,No,Yes,Wikipedia 'List of S&P 500 companies' (2026-08-20); validated vs user SPY Holdings.xlsx,2026-08-20,"HQ: Vernon Hills, Illinois; added 2019-09-23"
2026-08-20,CF,CF,CF,,Common,CF Industries,US,,USD,USD,USD,US-GAAP,Materials,,,Fertilizers & Agricultural Chemicals,Materials,,,,,,,,,1324404.0,,,,No,Yes,Yes,No,No,Yes,Wikipedia 'List of S&P 500 companies' (2026-08-20); validated vs user SPY Holdings.xlsx,2026-08-20,"HQ: Deerfield, Illinois; added 2008-08-27"
2026-08-20,CME,CME,CME,,Common,CME Group,US,,USD,USD,USD,US-GAAP,Financials,,,Financial Exchanges & Data,Financials,,,,,,,,,1156375.0,,,,No,Yes,Yes,No,No,No,Wikipedia 'List of S&P 500 companies' (2026-08-20); validated vs user SPY Holdings.xlsx,2026-08-20,"HQ: Chicago, Illinois; added 2006-08-11"
2026-08-20,CMS,CMS,CMS,,Common,CMS Energy,US,,USD,USD,USD,US-GAAP,Utilities,,,Multi-Utilities,Utilities_Regulated,,,,,,,,,811156.0,,,,No,Yes,Yes,No,No,No,Wikipedia 'List of S&P 500 companies' (2026-08-20); validated vs user SPY Holdings.xlsx,2026-08-20,"HQ: Jackson, Michigan; added 1957-03-04"
2026-08-20,CRH,CRH,CRH,,Common,CRH plc,US,,USD,USD,USD,US-GAAP,Materials,,,Construction Materials,Materials,,,,,,,,,849395.0,,,,No,Yes,Yes,No,No,Yes,Wikipedia 'List of S&P 500 companies' (2026-08-20); validated vs user SPY Holdings.xlsx,2026-08-20,"HQ: Dublin, Ireland; added 2025-12-22"
2026-08-20,CSX,CSX,CSX,,Common,CSX Corporation,US,,USD,USD,USD,US-GAAP,Industrials,,,Rail Transportation,Railroads,,,,,,,,,277948.0,,,,No,Yes,Yes,No,No,Yes,Wikipedia 'List of S&P 500 companies' (2026-08-20); validated vs user SPY Holdings.xlsx,2026-08-20,"HQ: Jacksonville, Florida; added 1957-03-04"
2026-08-20,CVS,CVS,CVS,,Common,CVS Health,US,,USD,USD,USD,US-GAAP,Health Care,,,Health Care Services,Medical_Devices_Services,,,,,,,,,64803.0,,,,No,Yes,Yes,No,No,No,Wikipedia 'List of S&P 500 companies' (2026-08-20); validated vs user SPY Holdings.xlsx,2026-08-20,"HQ: Woonsocket, Rhode Island; added 1957-03-04"
2026-08-20,CDNS,CDNS,CDNS,,Common,Cadence Design Systems,US,,USD,USD,USD,US-GAAP,Information Technology,,,Application Software,Software,,,,,,,,,813672.0,,,,No,Yes,Yes,No,No,Yes,Wikipedia 'List of S&P 500 companies' (2026-08-20); validated vs user SPY Holdings.xlsx,2026-08-20,"HQ: San Jose, California; added 2017-09-18"
2026-08-20,CPT,CPT,CPT,,Common,Camden Property Trust,US,,USD,USD,USD,US-GAAP,Real Estate,,,Multi-Family Residential REITs,Real_Estate,,,,,,,,,906345.0,,,,No,Yes,Yes,No,No,No,Wikipedia 'List of S&P 500 companies' (2026-08-20); validated vs user SPY Holdings.xlsx,2026-08-20,"HQ: Houston, Texas; added 2022-04-04"
2026-08-20,COF,COF,COF,,Common,Capital One,US,,USD,USD,USD,US-GAAP,Financials,,,Consumer Finance,Credit_Services,,,,,,,,,927628.0,,,,No,Yes,Yes,No,No,No,Wikipedia 'List of S&P 500 companies' (2026-08-20); validated vs user SPY Holdings.xlsx,2026-08-20,"HQ: Tysons Corner, Virginia; added 1998-07-01"
2026-08-20,CAH,CAH,CAH,,Common,Cardinal Health,US,,USD,USD,USD,US-GAAP,Health Care,,,Health Care Distributors,Medical_Devices_Services,,,,,,,,,721371.0,,,,No,Yes,Yes,No,No,Yes,Wikipedia 'List of S&P 500 companies' (2026-08-20); validated vs user SPY Holdings.xlsx,2026-08-20,"HQ: Dublin, Ohio; added 1997-05-27"
2026-08-20,CCL,CCL,CCL,,Common,Carnival Corporation,US,,USD,USD,USD,US-GAAP,Consumer Discretionary,,,"Hotels, Resorts & Cruise Lines",Consumer_Cyclical,,,,,,,,,815097.0,,,,No,Yes,Yes,No,No,No,Wikipedia 'List of S&P 500 companies' (2026-08-20); validated vs user SPY Holdings.xlsx,2026-08-20,"HQ: Miami, Florida; added 1998-12-22"
2026-08-20,CARR,CARR,CARR,,Common,Carrier Global,US,,USD,USD,USD,US-GAAP,Industrials,,,Building Products,Industrials,,,,,,,,,1783180.0,,,,No,Yes,Yes,No,No,Yes,Wikipedia 'List of S&P 500 companies' (2026-08-20); validated vs user SPY Holdings.xlsx,2026-08-20,"HQ: Palm Beach Gardens, Florida; added 2020-04-03"
2026-08-20,CVNA,CVNA,CVNA,,Common,Carvana,US,,USD,USD,USD,US-GAAP,Consumer Discretionary,,,Automotive Retail,Retail,,,,,,,,,1690820.0,,,,No,Yes,Yes,No,No,No,Wikipedia 'List of S&P 500 companies' (2026-08-20); validated vs user SPY Holdings.xlsx,2026-08-20,"HQ: Tempe, Arizona; added 2025-12-22"
2026-08-20,CASY,CASY,CASY,,Common,Casey's,US,,USD,USD,USD,US-GAAP,Consumer Staples,,,Food Retail,Discount_Stores,,,,,,,,,726958.0,,,,No,Yes,Yes,No,No,No,Wikipedia 'List of S&P 500 companies' (2026-08-20); validated vs user SPY Holdings.xlsx,2026-08-20,"HQ: Ankeny, Iowa; added 2026-04-09"
2026-08-20,CAT,CAT,CAT,,Common,Caterpillar Inc.,US,,USD,USD,USD,US-GAAP,Industrials,,,Construction Machinery & Heavy Transportation Equipment,Industrials,,,,,,,,,18230.0,,,,No,Yes,Yes,No,No,No,Wikipedia 'List of S&P 500 companies' (2026-08-20); validated vs user SPY Holdings.xlsx,2026-08-20,"HQ: Irving, Texas; added 1957-03-04"
2026-08-20,CBOE,CBOE,CBOE,,Common,Cboe Global Markets,US,,USD,USD,USD,US-GAAP,Financials,,,Financial Exchanges & Data,Financials,,,,,,,,,1374310.0,,,,No,Yes,Yes,No,No,No,Wikipedia 'List of S&P 500 companies' (2026-08-20); validated vs user SPY Holdings.xlsx,2026-08-20,"HQ: Chicago, Illinois; added 2017-03-01"
2026-08-20,COR,COR,COR,,Common,Cencora,US,,USD,USD,USD,US-GAAP,Health Care,,,Health Care Distributors,Medical_Devices_Services,,,,,,,,,1140859.0,,,,No,Yes,Yes,No,No,Yes,Wikipedia 'List of S&P 500 companies' (2026-08-20); validated vs user SPY Holdings.xlsx,2026-08-20,"HQ: Conshohocken, Pennsylvania; added 2001-08-30"
2026-08-20,CNC,CNC,CNC,,Common,Centene Corporation,US,,USD,USD,USD,US-GAAP,Health Care,,,Managed Health Care,Medical_Devices_Services,,,,,,,,,1071739.0,,,,No,Yes,Yes,No,No,No,Wikipedia 'List of S&P 500 companies' (2026-08-20); validated vs user SPY Holdings.xlsx,2026-08-20,"HQ: St. Louis, Missouri; added 2016-03-30"
2026-08-20,CNP,CNP,CNP,,Common,CenterPoint Energy,US,,USD,USD,USD,US-GAAP,Utilities,,,Multi-Utilities,Utilities_Regulated,,,,,,,,,1130310.0,,,,No,Yes,Yes,No,No,No,Wikipedia 'List of S&P 500 companies' (2026-08-20); validated vs user SPY Holdings.xlsx,2026-08-20,"HQ: Houston, Texas; added 1985-07-31"
2026-08-20,CRL,CRL,CRL,,Common,Charles River Laboratories,US,,USD,USD,USD,US-GAAP,Health Care,,,Life Sciences Tools & Services,Medical_Devices_Services,,,,,,,,,1100682.0,,,,No,Yes,Yes,No,No,Yes,Wikipedia 'List of S&P 500 companies' (2026-08-20); validated vs user SPY Holdings.xlsx,2026-08-20,"HQ: Wilmington, Massachusetts; added 2021-05-14"
2026-08-20,SCHW,SCHW,SCHW,,Common,Charles Schwab Corporation,US,,USD,USD,USD,US-GAAP,Financials,,,Investment Banking & Brokerage,Banks,,,,,,,,,316709.0,,,,No,Yes,Yes,No,No,No,Wikipedia 'List of S&P 500 companies' (2026-08-20); validated vs user SPY Holdings.xlsx,2026-08-20,"HQ: Westlake, Texas; added 1997-06-02"
2026-08-20,CHTR,CHTR,CHTR,,Common,Charter Communications,US,,USD,USD,USD,US-GAAP,Communication Services,,,Cable & Satellite,Streaming_Entertainment,,,,,,,,,1091667.0,,,,No,Yes,Yes,No,No,No,Wikipedia 'List of S&P 500 companies' (2026-08-20); validated vs user SPY Holdings.xlsx,2026-08-20,"HQ: Stamford, Connecticut; added 2016-09-08"
2026-08-20,CVX,CVX,CVX,,Common,Chevron Corporation,US,,USD,USD,USD,US-GAAP,Energy,,,Integrated Oil & Gas,Oil_Gas_Producers,,,,,,,,,93410.0,,,,No,Yes,Yes,No,No,No,Wikipedia 'List of S&P 500 companies' (2026-08-20); validated vs user SPY Holdings.xlsx,2026-08-20,"HQ: Houston, Texas; added 1957-03-04"
2026-08-20,CMG,CMG,CMG,,Common,Chipotle Mexican Grill,US,,USD,USD,USD,US-GAAP,Consumer Discretionary,,,Restaurants,Fast_Food_Restaurants,,,,,,,,,1058090.0,,,,No,Yes,Yes,No,No,No,Wikipedia 'List of S&P 500 companies' (2026-08-20); validated vs user SPY Holdings.xlsx,2026-08-20,"HQ: Newport Beach, California; added 2011-04-28"
2026-08-20,CB,CB,CB,,Common,Chubb Limited,US,,USD,USD,USD,US-GAAP,Financials,,,Property & Casualty Insurance,Insurance,,,,,,,,,896159.0,,,,No,Yes,Yes,No,No,No,Wikipedia 'List of S&P 500 companies' (2026-08-20); validated vs user SPY Holdings.xlsx,2026-08-20,"HQ: Zurich, Switzerland; added 2010-07-15"
2026-08-20,CHD,CHD,CHD,,Common,Church & Dwight,US,,USD,USD,USD,US-GAAP,Consumer Staples,,,Household Products,Consumer_Goods,,,,,,,,,313927.0,,,,No,Yes,Yes,No,No,Yes,Wikipedia 'List of S&P 500 companies' (2026-08-20); validated vs user SPY Holdings.xlsx,2026-08-20,"HQ: Ewing, New Jersey; added 2015-12-29"
2026-08-20,CIEN,CIEN,CIEN,,Common,Ciena,US,,USD,USD,USD,US-GAAP,Information Technology,,,Communications Equipment,Networking,,,,,,,,,936395.0,,,,No,Yes,Yes,No,No,Yes,Wikipedia 'List of S&P 500 companies' (2026-08-20); validated vs user SPY Holdings.xlsx,2026-08-20,"HQ: Hanover, Maryland; added 2026-02-09"
2026-08-20,CI,CI,CI,,Common,Cigna,US,,USD,USD,USD,US-GAAP,Health Care,,,Health Care Services,Medical_Devices_Services,,,,,,,,,1739940.0,,,,No,Yes,Yes,No,No,No,Wikipedia 'List of S&P 500 companies' (2026-08-20); validated vs user SPY Holdings.xlsx,2026-08-20,"HQ: Bloomfield, Connecticut; added 1976-06-30"
2026-08-20,CINF,CINF,CINF,,Common,Cincinnati Financial,US,,USD,USD,USD,US-GAAP,Financials,,,Property & Casualty Insurance,Insurance,,,,,,,,,20286.0,,,,No,Yes,Yes,No,No,No,Wikipedia 'List of S&P 500 companies' (2026-08-20); validated vs user SPY Holdings.xlsx,2026-08-20,"HQ: Fairfield, Ohio; added 1997-12-18"
2026-08-20,CTAS,CTAS,CTAS,,Common,Cintas,US,,USD,USD,USD,US-GAAP,Industrials,,,Diversified Support Services,Industrials,,,,,,,,,723254.0,,,,No,Yes,Yes,No,No,Yes,Wikipedia 'List of S&P 500 companies' (2026-08-20); validated vs user SPY Holdings.xlsx,2026-08-20,"HQ: Mason, Ohio; added 2001-03-01"
2026-08-20,CSCO,CSCO,CSCO,,Common,Cisco,US,,USD,USD,USD,US-GAAP,Information Technology,,,Communications Equipment,Networking,,,,,,,,,858877.0,,,,No,Yes,Yes,No,No,Yes,Wikipedia 'List of S&P 500 companies' (2026-08-20); validated vs user SPY Holdings.xlsx,2026-08-20,"HQ: San Jose, California; added 1993-12-01"
2026-08-20,C,C,C,,Common,Citigroup,US,,USD,USD,USD,US-GAAP,Financials,,,Diversified Banks,Banks,,,,,,,,,831001.0,,,,No,Yes,Yes,No,No,No,Wikipedia 'List of S&P 500 companies' (2026-08-20); validated vs user SPY Holdings.xlsx,2026-08-20,"HQ: New York City, New York; added 1988-05-31"
2026-08-20,CFG,CFG,CFG,,Common,Citizens Financial Group,US,,USD,USD,USD,US-GAAP,Financials,,,Regional Banks,Banks,,,,,,,,,759944.0,,,,No,Yes,Yes,No,No,No,Wikipedia 'List of S&P 500 companies' (2026-08-20); validated vs user SPY Holdings.xlsx,2026-08-20,"HQ: Providence, Rhode Island; added 2016-01-29"
2026-08-20,CLX,CLX,CLX,,Common,Clorox,US,,USD,USD,USD,US-GAAP,Consumer Staples,,,Household Products,Consumer_Goods,,,,,,,,,21076.0,,,,No,Yes,Yes,No,No,Yes,Wikipedia 'List of S&P 500 companies' (2026-08-20); validated vs user SPY Holdings.xlsx,2026-08-20,"HQ: Oakland, California; added 1969-03-31"
2026-08-20,CSGP,CSGP,CSGP,,Common,CoStar Group,US,,USD,USD,USD,US-GAAP,Real Estate,,,Real Estate Services,Real_Estate,,,,,,,,,1057352.0,,,,No,Yes,Yes,No,No,Yes,Wikipedia 'List of S&P 500 companies' (2026-08-20); validated vs user SPY Holdings.xlsx,2026-08-20,"HQ: Washington, D.C.; added 2022-09-19"
2026-08-20,KO,KO,KO,,Common,Coca-Cola Company (The),US,,USD,USD,USD,US-GAAP,Consumer Staples,,,Soft Drinks & Non-alcoholic Beverages,Consumer_Goods,,,,,,,,,21344.0,,,,No,Yes,Yes,No,No,No,Wikipedia 'List of S&P 500 companies' (2026-08-20); validated vs user SPY Holdings.xlsx,2026-08-20,"HQ: Atlanta, Georgia; added 1957-03-04"
2026-08-20,CTSH,CTSH,CTSH,,Common,Cognizant,US,,USD,USD,USD,US-GAAP,Information Technology,,,IT Consulting & Other Services,Tech,,,,,,,,,1058290.0,,,,No,Yes,Yes,No,No,Yes,Wikipedia 'List of S&P 500 companies' (2026-08-20); validated vs user SPY Holdings.xlsx,2026-08-20,"HQ: Teaneck, New Jersey; added 2006-11-17"
2026-08-20,COHR,COHR,COHR,,Common,Coherent Corp.,US,,USD,USD,USD,US-GAAP,Information Technology,,,Electronic Components,Tech,,,,,,,,,820318.0,,,,No,Yes,Yes,No,No,Yes,Wikipedia 'List of S&P 500 companies' (2026-08-20); validated vs user SPY Holdings.xlsx,2026-08-20,"HQ: Saxonburg, Pennsylvania; added 2026-03-23"
2026-08-20,COIN,COIN,COIN,,Common,Coinbase,US,,USD,USD,USD,US-GAAP,Financials,,,Financial Exchanges & Data,Financials,,,,,,,,,1679788.0,,,,No,Yes,Yes,No,No,No,Wikipedia 'List of S&P 500 companies' (2026-08-20); validated vs user SPY Holdings.xlsx,2026-08-20,"HQ: New York City, New York; added 2025-05-19"
2026-08-20,CL,CL,CL,,Common,Colgate-Palmolive,US,,USD,USD,USD,US-GAAP,Consumer Staples,,,Household Products,Consumer_Goods,,,,,,,,,21665.0,,,,No,Yes,Yes,No,No,Yes,Wikipedia 'List of S&P 500 companies' (2026-08-20); validated vs user SPY Holdings.xlsx,2026-08-20,"HQ: New York City, New York; added 1957-03-04"
2026-08-20,CMCSA,CMCSA,CMCSA,,Common,Comcast,US,,USD,USD,USD,US-GAAP,Communication Services,,,Cable & Satellite,Streaming_Entertainment,,,,,,,,,1166691.0,,,,No,Yes,Yes,No,No,No,Wikipedia 'List of S&P 500 companies' (2026-08-20); validated vs user SPY Holdings.xlsx,2026-08-20,"HQ: Philadelphia, Pennsylvania; added 2002-11-19"
2026-08-20,FIX,FIX,FIX,,Common,Comfort Systems USA,US,,USD,USD,USD,US-GAAP,Industrials,,,Construction & Engineering,Industrials,,,,,,,,,1035983.0,,,,No,Yes,Yes,No,No,Yes,Wikipedia 'List of S&P 500 companies' (2026-08-20); validated vs user SPY Holdings.xlsx,2026-08-20,"HQ: Houston, Texas; added 2025-12-22"
2026-08-20,COP,COP,COP,,Common,ConocoPhillips,US,,USD,USD,USD,US-GAAP,Energy,,,Oil & Gas Exploration & Production,Oil_Gas_Producers,,,,,,,,,1163165.0,,,,No,Yes,Yes,No,No,Yes,Wikipedia 'List of S&P 500 companies' (2026-08-20); validated vs user SPY Holdings.xlsx,2026-08-20,"HQ: Houston, Texas; added 1957-03-04"
2026-08-20,ED,ED,ED,,Common,Consolidated Edison,US,,USD,USD,USD,US-GAAP,Utilities,,,Multi-Utilities,Utilities_Regulated,,,,,,,,,1047862.0,,,,No,Yes,Yes,No,No,No,Wikipedia 'List of S&P 500 companies' (2026-08-20); validated vs user SPY Holdings.xlsx,2026-08-20,"HQ: New York City, New York; added 1957-03-04"
2026-08-20,STZ,STZ,STZ,,Common,Constellation Brands,US,,USD,USD,USD,US-GAAP,Consumer Staples,,,Distillers & Vintners,Consumer_Defensive,,,,,,,,,16918.0,,,,No,Yes,Yes,No,No,No,Wikipedia 'List of S&P 500 companies' (2026-08-20); validated vs user SPY Holdings.xlsx,2026-08-20,"HQ: Rochester, New York; added 2005-07-01"
2026-08-20,CEG,CEG,CEG,,Common,Constellation Energy,US,,USD,USD,USD,US-GAAP,Utilities,,,Electric Utilities,Utilities_Regulated,,,,,,,,,1868275.0,,,,No,Yes,Yes,No,No,Yes,Wikipedia 'List of S&P 500 companies' (2026-08-20); validated vs user SPY Holdings.xlsx,2026-08-20,"HQ: Baltimore, Maryland; added 2022-02-02"
2026-08-20,COO,COO,COO,,Common,Cooper Companies (The),US,,USD,USD,USD,US-GAAP,Health Care,,,Health Care Supplies,Medical_Devices_Services,,,,,,,,,711404.0,,,,No,Yes,Yes,No,No,Yes,Wikipedia 'List of S&P 500 companies' (2026-08-20); validated vs user SPY Holdings.xlsx,2026-08-20,"HQ: San Ramon, California; added 2016-09-23"
2026-08-20,CPRT,CPRT,CPRT,,Common,Copart,US,,USD,USD,USD,US-GAAP,Industrials,,,Diversified Support Services,Industrials,,,,,,,,,900075.0,,,,No,Yes,Yes,No,No,Yes,Wikipedia 'List of S&P 500 companies' (2026-08-20); validated vs user SPY Holdings.xlsx,2026-08-20,"HQ: Dallas, Texas; added 2018-07-02"
2026-08-20,GLW,GLW,GLW,,Common,Corning Inc.,US,,USD,USD,USD,US-GAAP,Information Technology,,,Electronic Components,Tech,,,,,,,,,24741.0,,,,No,Yes,Yes,No,No,Yes,Wikipedia 'List of S&P 500 companies' (2026-08-20); validated vs user SPY Holdings.xlsx,2026-08-20,"HQ: Corning, New York; added 1995-02-27"
2026-08-20,CPAY,CPAY,CPAY,,Common,Corpay,US,,USD,USD,USD,US-GAAP,Financials,,,Transaction & Payment Processing Services,Financials,,,,,,,,,1175454.0,,,,No,Yes,Yes,No,No,No,Wikipedia 'List of S&P 500 companies' (2026-08-20); validated vs user SPY Holdings.xlsx,2026-08-20,"HQ: Atlanta, Georgia; added 2018-06-20"
2026-08-20,CTVA,CTVA,CTVA,,Common,Corteva,US,,USD,USD,USD,US-GAAP,Materials,,,Fertilizers & Agricultural Chemicals,Materials,,,,,,,,,1755672.0,,,,No,Yes,Yes,No,No,Yes,Wikipedia 'List of S&P 500 companies' (2026-08-20); validated vs user SPY Holdings.xlsx,2026-08-20,"HQ: Indianapolis, Indiana; added 2019-06-03"
2026-08-20,COST,COST,COST,,Common,Costco,US,,USD,USD,USD,US-GAAP,Consumer Staples,,,Consumer Staples Merchandise Retail,Consumer_Defensive,,,,,,,,,909832.0,,,,No,Yes,Yes,No,No,No,Wikipedia 'List of S&P 500 companies' (2026-08-20); validated vs user SPY Holdings.xlsx,2026-08-20,"HQ: Issaquah, Washington; added 1993-10-01"
2026-08-20,CRWD,CRWD,CRWD,,Common,CrowdStrike,US,,USD,USD,USD,US-GAAP,Information Technology,,,Systems Software,Software,,,,,,,,,1535527.0,,,,No,Yes,Yes,No,No,Yes,Wikipedia 'List of S&P 500 companies' (2026-08-20); validated vs user SPY Holdings.xlsx,2026-08-20,"HQ: Austin, Texas; added 2024-06-24"
2026-08-20,CCI,CCI,CCI,,Common,Crown Castle,US,,USD,USD,USD,US-GAAP,Real Estate,,,Telecom Tower REITs,Real_Estate,,,,,,,,,1051470.0,,,,No,Yes,Yes,No,No,No,Wikipedia 'List of S&P 500 companies' (2026-08-20); validated vs user SPY Holdings.xlsx,2026-08-20,"HQ: Houston, Texas; added 2012-03-14"
2026-08-20,CMI,CMI,CMI,,Common,Cummins,US,,USD,USD,USD,US-GAAP,Industrials,,,Construction Machinery & Heavy Transportation Equipment,Industrials,,,,,,,,,26172.0,,,,No,Yes,Yes,No,No,Yes,Wikipedia 'List of S&P 500 companies' (2026-08-20); validated vs user SPY Holdings.xlsx,2026-08-20,"HQ: Columbus, Indiana; added 1965-03-31"
2026-08-20,DHI,DHI,DHI,,Common,D. R. Horton,US,,USD,USD,USD,US-GAAP,Consumer Discretionary,,,Homebuilding,Consumer_Cyclical,,,,,,,,,882184.0,,,,No,Yes,Yes,No,No,Yes,Wikipedia 'List of S&P 500 companies' (2026-08-20); validated vs user SPY Holdings.xlsx,2026-08-20,"HQ: Arlington, Texas; added 2005-06-22"
2026-08-20,DTE,DTE,DTE,,Common,DTE Energy,US,,USD,USD,USD,US-GAAP,Utilities,,,Multi-Utilities,Utilities_Regulated,,,,,,,,,936340.0,,,,No,Yes,Yes,No,No,No,Wikipedia 'List of S&P 500 companies' (2026-08-20); validated vs user SPY Holdings.xlsx,2026-08-20,"HQ: Detroit, Michigan; added 1957-03-04"
2026-08-20,DVA,DVA,DVA,,Common,DaVita,US,,USD,USD,USD,US-GAAP,Health Care,,,Health Care Services,Medical_Devices_Services,,,,,,,,,927066.0,,,,No,Yes,Yes,No,No,No,Wikipedia 'List of S&P 500 companies' (2026-08-20); validated vs user SPY Holdings.xlsx,2026-08-20,"HQ: Denver, Colorado; added 2008-07-31"
2026-08-20,DHR,DHR,DHR,,Common,Danaher Corporation,US,,USD,USD,USD,US-GAAP,Health Care,,,Life Sciences Tools & Services,Medical_Devices_Services,,,,,,,,,313616.0,,,,No,Yes,Yes,No,No,Yes,Wikipedia 'List of S&P 500 companies' (2026-08-20); validated vs user SPY Holdings.xlsx,2026-08-20,"HQ: Washington, D.C.; added 1998-11-18"
2026-08-20,DRI,DRI,DRI,,Common,Darden Restaurants,US,,USD,USD,USD,US-GAAP,Consumer Discretionary,,,Restaurants,Fast_Food_Restaurants,,,,,,,,,940944.0,,,,No,Yes,Yes,No,No,No,Wikipedia 'List of S&P 500 companies' (2026-08-20); validated vs user SPY Holdings.xlsx,2026-08-20,"HQ: Orlando, Florida; added 1995-05-31"
2026-08-20,DDOG,DDOG,DDOG,,Common,Datadog,US,,USD,USD,USD,US-GAAP,Information Technology,,,Application Software,Software,,,,,,,,,1561550.0,,,,No,Yes,Yes,No,No,No,Wikipedia 'List of S&P 500 companies' (2026-08-20); validated vs user SPY Holdings.xlsx,2026-08-20,"HQ: New York City, New York; added 2025-07-09"
2026-08-20,DECK,DECK,DECK,,Common,Deckers Brands,US,,USD,USD,USD,US-GAAP,Consumer Discretionary,,,Footwear,Consumer_Cyclical,,,,,,,,,910521.0,,,,No,Yes,Yes,No,No,Yes,Wikipedia 'List of S&P 500 companies' (2026-08-20); validated vs user SPY Holdings.xlsx,2026-08-20,"HQ: Goleta, California; added 2024-03-18"
2026-08-20,DE,DE,DE,,Common,Deere & Company,US,,USD,USD,USD,US-GAAP,Industrials,,,Agricultural & Farm Machinery,Industrials,,,,,,,,,315189.0,,,,No,Yes,Yes,No,No,No,Wikipedia 'List of S&P 500 companies' (2026-08-20); validated vs user SPY Holdings.xlsx,2026-08-20,"HQ: Moline, Illinois; added 1957-03-04"
2026-08-20,DELL,DELL,DELL,,Common,Dell Technologies,US,,USD,USD,USD,US-GAAP,Information Technology,,,"Technology Hardware, Storage & Peripherals",Tech,,,,,,,,,1571996.0,,,,No,Yes,Yes,No,No,No,Wikipedia 'List of S&P 500 companies' (2026-08-20); validated vs user SPY Holdings.xlsx,2026-08-20,"HQ: Round Rock, Texas; added 2024-09-23"
2026-08-20,DAL,DAL,DAL,,Common,Delta Air Lines,US,,USD,USD,USD,US-GAAP,Industrials,,,Passenger Airlines,Airlines,,,,,,,,,27904.0,,,,No,Yes,Yes,No,No,No,Wikipedia 'List of S&P 500 companies' (2026-08-20); validated vs user SPY Holdings.xlsx,2026-08-20,"HQ: Atlanta, Georgia; added 2013-09-11"
2026-08-20,DVN,DVN,DVN,,Common,Devon Energy,US,,USD,USD,USD,US-GAAP,Energy,,,Oil & Gas Exploration & Production,Oil_Gas_Producers,,,,,,,,,1090012.0,,,,No,Yes,Yes,No,No,Yes,Wikipedia 'List of S&P 500 companies' (2026-08-20); validated vs user SPY Holdings.xlsx,2026-08-20,"HQ: Oklahoma City, Oklahoma; added 2000-08-30"
2026-08-20,DXCM,DXCM,DXCM,,Common,Dexcom,US,,USD,USD,USD,US-GAAP,Health Care,,,Health Care Equipment,Medical_Devices_Services,,,,,,,,,1093557.0,,,,No,Yes,Yes,No,No,Yes,Wikipedia 'List of S&P 500 companies' (2026-08-20); validated vs user SPY Holdings.xlsx,2026-08-20,"HQ: San Diego, California; added 2020-05-12"
2026-08-20,FANG,FANG,FANG,,Common,Diamondback Energy,US,,USD,USD,USD,US-GAAP,Energy,,,Oil & Gas Exploration & Production,Oil_Gas_Producers,,,,,,,,,1539838.0,,,,No,Yes,Yes,No,No,No,Wikipedia 'List of S&P 500 companies' (2026-08-20); validated vs user SPY Holdings.xlsx,2026-08-20,"HQ: Midland, Texas; added 2018-12-03"
2026-08-20,DLR,DLR,DLR,,Common,Digital Realty,US,,USD,USD,USD,US-GAAP,Real Estate,,,Data Center REITs,Real_Estate,,,,,,,,,1297996.0,,,,No,Yes,Yes,No,No,No,Wikipedia 'List of S&P 500 companies' (2026-08-20); validated vs user SPY Holdings.xlsx,2026-08-20,"HQ: Austin, Texas; added 2016-05-18"
2026-08-20,DG,DG,DG,,Common,Dollar General,US,,USD,USD,USD,US-GAAP,Consumer Staples,,,Consumer Staples Merchandise Retail,Consumer_Defensive,,,,,,,,,29534.0,,,,No,Yes,Yes,No,No,No,Wikipedia 'List of S&P 500 companies' (2026-08-20); validated vs user SPY Holdings.xlsx,2026-08-20,"HQ: Goodlettsville, Tennessee; added 2012-12-03"
2026-08-20,DLTR,DLTR,DLTR,,Common,Dollar Tree,US,,USD,USD,USD,US-GAAP,Consumer Staples,,,Consumer Staples Merchandise Retail,Consumer_Defensive,,,,,,,,,935703.0,,,,No,Yes,Yes,No,No,No,Wikipedia 'List of S&P 500 companies' (2026-08-20); validated vs user SPY Holdings.xlsx,2026-08-20,"HQ: Chesapeake, Virginia; added 2011-12-19"
2026-08-20,D,D,D,,Common,Dominion Energy,US,,USD,USD,USD,US-GAAP,Utilities,,,Multi-Utilities,Utilities_Regulated,,,,,,,,,715957.0,,,,No,Yes,Yes,No,No,No,Wikipedia 'List of S&P 500 companies' (2026-08-20); validated vs user SPY Holdings.xlsx,2026-08-20,"HQ: Richmond, Virginia; added 2016-11-30"
2026-08-20,DPZ,DPZ,DPZ,,Common,Domino's,US,,USD,USD,USD,US-GAAP,Consumer Discretionary,,,Restaurants,Fast_Food_Restaurants,,,,,,,,,1286681.0,,,,No,Yes,Yes,No,No,No,Wikipedia 'List of S&P 500 companies' (2026-08-20); validated vs user SPY Holdings.xlsx,2026-08-20,"HQ: Ann Arbor, Michigan; added 2020-05-12"
2026-08-20,DASH,DASH,DASH,,Common,DoorDash,US,,USD,USD,USD,US-GAAP,Consumer Discretionary,,,Specialized Consumer Services,Consumer_Cyclical,,,,,,,,,1792789.0,,,,No,Yes,Yes,No,No,Yes,Wikipedia 'List of S&P 500 companies' (2026-08-20); validated vs user SPY Holdings.xlsx,2026-08-20,"HQ: San Francisco, California; added 2025-03-24"
2026-08-20,DOV,DOV,DOV,,Common,Dover Corporation,US,,USD,USD,USD,US-GAAP,Industrials,,,Industrial Machinery & Supplies & Components,Industrials,,,,,,,,,29905.0,,,,No,Yes,Yes,No,No,Yes,Wikipedia 'List of S&P 500 companies' (2026-08-20); validated vs user SPY Holdings.xlsx,2026-08-20,"HQ: Downers Grove, Illinois; added 1985-10-31"
2026-08-20,DOW,DOW,DOW,,Common,Dow Inc.,US,,USD,USD,USD,US-GAAP,Materials,,,Commodity Chemicals,Materials,,,,,,,,,1751788.0,,,,No,Yes,Yes,No,No,No,Wikipedia 'List of S&P 500 companies' (2026-08-20); validated vs user SPY Holdings.xlsx,2026-08-20,"HQ: Midland, Michigan; added 2019-04-01"
2026-08-20,DD,DD,DD,,Common,DuPont,US,,USD,USD,USD,US-GAAP,Industrials,,,Industrial Conglomerates,Industrials,,,,,,,,,1666700.0,,,,No,Yes,Yes,No,No,Yes,Wikipedia 'List of S&P 500 companies' (2026-08-20); validated vs user SPY Holdings.xlsx,2026-08-20,"HQ: Wilmington, Delaware; added 2019-06-03"
2026-08-20,DUK,DUK,DUK,,Common,Duke Energy,US,,USD,USD,USD,US-GAAP,Utilities,,,Electric Utilities,Utilities_Regulated,,,,,,,,,1326160.0,,,,No,Yes,Yes,No,No,No,Wikipedia 'List of S&P 500 companies' (2026-08-20); validated vs user SPY Holdings.xlsx,2026-08-20,"HQ: Charlotte, North Carolina; added 1976-06-30"
2026-08-20,EOG,EOG,EOG,,Common,EOG Resources,US,,USD,USD,USD,US-GAAP,Energy,,,Oil & Gas Exploration & Production,Oil_Gas_Producers,,,,,,,,,821189.0,,,,No,Yes,Yes,No,No,Yes,Wikipedia 'List of S&P 500 companies' (2026-08-20); validated vs user SPY Holdings.xlsx,2026-08-20,"HQ: Houston, Texas; added 2000-11-02"
2026-08-20,EQT,EQT,EQT,,Common,EQT Corporation,US,,USD,USD,USD,US-GAAP,Energy,,,Oil & Gas Exploration & Production,Oil_Gas_Producers,,,,,,,,,33213.0,,,,No,Yes,Yes,No,No,No,Wikipedia 'List of S&P 500 companies' (2026-08-20); validated vs user SPY Holdings.xlsx,2026-08-20,"HQ: Pittsburgh, Pennsylvania; added 2022-10-03"
2026-08-20,ETN,ETN,ETN,,Common,Eaton Corporation,US,,USD,USD,USD,US-GAAP,Industrials,,,Electrical Components & Equipment,Industrials,,,,,,,,,1551182.0,,,,No,Yes,Yes,No,No,No,Wikipedia 'List of S&P 500 companies' (2026-08-20); validated vs user SPY Holdings.xlsx,2026-08-20,"HQ: Dublin, Ireland; added 1957-03-04"
2026-08-20,ECHO,ECHO,ECHO,,Common,EchoStar,US,,USD,USD,USD,US-GAAP,Communication Services,,,Wireless Telecommunication Services,Telecom,,,,,,,,,1415404.0,,,,No,Yes,Yes,No,No,No,Wikipedia 'List of S&P 500 companies' (2026-08-20); validated vs user SPY Holdings.xlsx,2026-08-20,"HQ: Englewood, Colorado; added 2026-03-23"
2026-08-20,ECL,ECL,ECL,,Common,Ecolab,US,,USD,USD,USD,US-GAAP,Materials,,,Specialty Chemicals,Materials,,,,,,,,,31462.0,,,,No,Yes,Yes,No,No,Yes,Wikipedia 'List of S&P 500 companies' (2026-08-20); validated vs user SPY Holdings.xlsx,2026-08-20,"HQ: Saint Paul, Minnesota; added 1989-01-31"
2026-08-20,EIX,EIX,EIX,,Common,Edison International,US,,USD,USD,USD,US-GAAP,Utilities,,,Electric Utilities,Utilities_Regulated,,,,,,,,,827052.0,,,,No,Yes,Yes,No,No,No,Wikipedia 'List of S&P 500 companies' (2026-08-20); validated vs user SPY Holdings.xlsx,2026-08-20,"HQ: Rosemead, California; added 1957-03-04"
2026-08-20,EW,EW,EW,,Common,Edwards Lifesciences,US,,USD,USD,USD,US-GAAP,Health Care,,,Health Care Equipment,Medical_Devices_Services,,,,,,,,,1099800.0,,,,No,Yes,Yes,No,No,Yes,Wikipedia 'List of S&P 500 companies' (2026-08-20); validated vs user SPY Holdings.xlsx,2026-08-20,"HQ: Irvine, California; added 2011-04-01"
2026-08-20,ELV,ELV,ELV,,Common,Elevance Health,US,,USD,USD,USD,US-GAAP,Health Care,,,Managed Health Care,Medical_Devices_Services,,,,,,,,,1156039.0,,,,No,Yes,Yes,No,No,No,Wikipedia 'List of S&P 500 companies' (2026-08-20); validated vs user SPY Holdings.xlsx,2026-08-20,"HQ: Indianapolis, Indiana; added 2002-07-25"
2026-08-20,EME,EME,EME,,Common,Emcor,US,,USD,USD,USD,US-GAAP,Industrials,,,Construction & Engineering,Industrials,,,,,,,,,105634.0,,,,No,Yes,Yes,No,No,No,Wikipedia 'List of S&P 500 companies' (2026-08-20); validated vs user SPY Holdings.xlsx,2026-08-20,"HQ: Norwalk, Connecticut; added 2025-09-22"
2026-08-20,EMR,EMR,EMR,,Common,Emerson Electric,US,,USD,USD,USD,US-GAAP,Industrials,,,Electrical Components & Equipment,Industrials,,,,,,,,,32604.0,,,,No,Yes,Yes,No,No,Yes,Wikipedia 'List of S&P 500 companies' (2026-08-20); validated vs user SPY Holdings.xlsx,2026-08-20,"HQ: Ferguson, Missouri; added 1965-03-31"
2026-08-20,ETR,ETR,ETR,,Common,Entergy,US,,USD,USD,USD,US-GAAP,Utilities,,,Electric Utilities,Utilities_Regulated,,,,,,,,,65984.0,,,,No,Yes,Yes,No,No,No,Wikipedia 'List of S&P 500 companies' (2026-08-20); validated vs user SPY Holdings.xlsx,2026-08-20,"HQ: New Orleans, Louisiana; added 1957-03-04"
2026-08-20,EFX,EFX,EFX,,Common,Equifax,US,,USD,USD,USD,US-GAAP,Industrials,,,Research & Consulting Services,Industrials,,,,,,,,,33185.0,,,,No,Yes,Yes,No,No,Yes,Wikipedia 'List of S&P 500 companies' (2026-08-20); validated vs user SPY Holdings.xlsx,2026-08-20,"HQ: Atlanta, Georgia; added 1997-06-19"
2026-08-20,EQIX,EQIX,EQIX,,Common,Equinix,US,,USD,USD,USD,US-GAAP,Real Estate,,,Data Center REITs,Real_Estate,,,,,,,,,1101239.0,,,,No,Yes,Yes,No,No,Yes,Wikipedia 'List of S&P 500 companies' (2026-08-20); validated vs user SPY Holdings.xlsx,2026-08-20,"HQ: Redwood City, California; added 2015-03-20"
2026-08-20,ERIE,ERIE,ERIE,,Common,Erie Indemnity,US,,USD,USD,USD,US-GAAP,Financials,,,Insurance Brokers,Insurance,,,,,,,,,922621.0,,,,No,Yes,Yes,No,No,No,Wikipedia 'List of S&P 500 companies' (2026-08-20); validated vs user SPY Holdings.xlsx,2026-08-20,"HQ: Erie, Pennsylvania; added 2024-09-23"
2026-08-20,ESS,ESS,ESS,,Common,Essex Property Trust,US,,USD,USD,USD,US-GAAP,Real Estate,,,Multi-Family Residential REITs,Real_Estate,,,,,,,,,920522.0,,,,No,Yes,Yes,No,No,No,Wikipedia 'List of S&P 500 companies' (2026-08-20); validated vs user SPY Holdings.xlsx,2026-08-20,"HQ: San Mateo, California; added 2014-04-02"
2026-08-20,EL,EL,EL,,Common,Estée Lauder Companies (The),US,,USD,USD,USD,US-GAAP,Consumer Staples,,,Personal Care Products,Consumer_Goods,,,,,,,,,1001250.0,,,,No,Yes,Yes,No,No,Yes,Wikipedia 'List of S&P 500 companies' (2026-08-20); validated vs user SPY Holdings.xlsx,2026-08-20,"HQ: New York City, New York; added 2006-01-05"
2026-08-20,EG,EG,EG,,Common,Everest Group,US,,USD,USD,USD,US-GAAP,Financials,,,Reinsurance,Insurance,,,,,,,,,1095073.0,,,,No,Yes,Yes,No,No,No,Wikipedia 'List of S&P 500 companies' (2026-08-20); validated vs user SPY Holdings.xlsx,2026-08-20,"HQ: Hamilton, Bermuda; added 2017-06-19"
2026-08-20,EVRG,EVRG,EVRG,,Common,Evergy,US,,USD,USD,USD,US-GAAP,Utilities,,,Electric Utilities,Utilities_Regulated,,,,,,,,,1711269.0,,,,No,Yes,Yes,No,No,No,Wikipedia 'List of S&P 500 companies' (2026-08-20); validated vs user SPY Holdings.xlsx,2026-08-20,"HQ: Kansas City, Missouri; added 2018-06-05"
2026-08-20,ES,ES,ES,,Common,Eversource Energy,US,,USD,USD,USD,US-GAAP,Utilities,,,Electric Utilities,Utilities_Regulated,,,,,,,,,72741.0,,,,No,Yes,Yes,No,No,No,Wikipedia 'List of S&P 500 companies' (2026-08-20); validated vs user SPY Holdings.xlsx,2026-08-20,"HQ: Hartford, Connecticut; added 2009-07-24"
2026-08-20,EXC,EXC,EXC,,Common,Exelon,US,,USD,USD,USD,US-GAAP,Utilities,,,Electric Utilities,Utilities_Regulated,,,,,,,,,1109357.0,,,,No,Yes,Yes,No,No,No,Wikipedia 'List of S&P 500 companies' (2026-08-20); validated vs user SPY Holdings.xlsx,2026-08-20,"HQ: Chicago, Illinois; added 1957-03-04"
2026-08-20,EXE,EXE,EXE,,Common,Expand Energy,US,,USD,USD,USD,US-GAAP,Energy,,,Oil & Gas Exploration & Production,Oil_Gas_Producers,,,,,,,,,895126.0,,,,No,Yes,Yes,No,No,No,Wikipedia 'List of S&P 500 companies' (2026-08-20); validated vs user SPY Holdings.xlsx,2026-08-20,"HQ: Oklahoma City, Oklahoma; added 2025-03-24"
2026-08-20,EXPE,EXPE,EXPE,,Common,Expedia Group,US,,USD,USD,USD,US-GAAP,Consumer Discretionary,,,"Hotels, Resorts & Cruise Lines",Consumer_Cyclical,,,,,,,,,1324424.0,,,,No,Yes,Yes,No,No,Yes,Wikipedia 'List of S&P 500 companies' (2026-08-20); validated vs user SPY Holdings.xlsx,2026-08-20,"HQ: Seattle, Washington; added 2007-10-02"
2026-08-20,EXPD,EXPD,EXPD,,Common,Expeditors International,US,,USD,USD,USD,US-GAAP,Industrials,,,Air Freight & Logistics,Industrials,,,,,,,,,746515.0,,,,No,Yes,Yes,No,No,Yes,Wikipedia 'List of S&P 500 companies' (2026-08-20); validated vs user SPY Holdings.xlsx,2026-08-20,"HQ: Seattle, Washington; added 2007-10-10"
2026-08-20,EXR,EXR,EXR,,Common,Extra Space Storage,US,,USD,USD,USD,US-GAAP,Real Estate,,,Self-Storage REITs,Real_Estate,,,,,,,,,1289490.0,,,,No,Yes,Yes,No,No,No,Wikipedia 'List of S&P 500 companies' (2026-08-20); validated vs user SPY Holdings.xlsx,2026-08-20,"HQ: Salt Lake City, Utah; added 2016-01-19"
2026-08-20,XOM,XOM,XOM,,Common,ExxonMobil,US,,USD,USD,USD,US-GAAP,Energy,,,Integrated Oil & Gas,Oil_Gas_Producers,,,,,,,,,2115436.0,,,,No,Yes,Yes,No,No,Yes,Wikipedia 'List of S&P 500 companies' (2026-08-20); validated vs user SPY Holdings.xlsx,2026-08-20,"HQ: Irving, Texas; added 1957-03-04"
2026-08-20,FFIV,FFIV,FFIV,,Common,"F5, Inc.",US,,USD,USD,USD,US-GAAP,Information Technology,,,Communications Equipment,Networking,,,,,,,,,1048695.0,,,,No,Yes,Yes,No,No,Yes,Wikipedia 'List of S&P 500 companies' (2026-08-20); validated vs user SPY Holdings.xlsx,2026-08-20,"HQ: Seattle, Washington; added 2010-12-20"
2026-08-20,FDS,FDS,FDS,,Common,FactSet,US,,USD,USD,USD,US-GAAP,Financials,,,Financial Exchanges & Data,Financials,,,,,,,,,1013237.0,,,,No,Yes,Yes,No,No,No,Wikipedia 'List of S&P 500 companies' (2026-08-20); validated vs user SPY Holdings.xlsx,2026-08-20,"HQ: Norwalk, Connecticut; added 2021-12-20"
2026-08-20,FICO,FICO,FICO,,Common,Fair Isaac,US,,USD,USD,USD,US-GAAP,Information Technology,,,Application Software,Software,,,,,,,,,814547.0,,,,No,Yes,Yes,No,No,Yes,Wikipedia 'List of S&P 500 companies' (2026-08-20); validated vs user SPY Holdings.xlsx,2026-08-20,"HQ: Bozeman, Montana; added 2023-03-20"
2026-08-20,FAST,FAST,FAST,,Common,Fastenal,US,,USD,USD,USD,US-GAAP,Industrials,,,Trading Companies & Distributors,Industrials,,,,,,,,,815556.0,,,,No,Yes,Yes,No,No,Yes,Wikipedia 'List of S&P 500 companies' (2026-08-20); validated vs user SPY Holdings.xlsx,2026-08-20,"HQ: Winona, Minnesota; added 2008-09-15"
2026-08-20,FDX,FDX,FDX,,Common,FedEx,US,,USD,USD,USD,US-GAAP,Industrials,,,Air Freight & Logistics,Industrials,,,,,,,,,1048911.0,,,,No,Yes,Yes,No,No,No,Wikipedia 'List of S&P 500 companies' (2026-08-20); validated vs user SPY Holdings.xlsx,2026-08-20,"HQ: Memphis, Tennessee; added 1980-12-31"
2026-08-20,FDXF,FDXF,FDXF,,Common,FedEx Freight,US,,USD,USD,USD,US-GAAP,Industrials,,,Cargo Ground Transportation,Industrials,,,,,,,,,2082247.0,,,,No,Yes,Yes,No,No,Yes,Wikipedia 'List of S&P 500 companies' (2026-08-20); validated vs user SPY Holdings.xlsx,2026-08-20,"HQ: Memphis, Tennessee; added 2026-06-01"
2026-08-20,FRT,FRT,FRT,,Common,Federal Realty Investment Trust,US,,USD,USD,USD,US-GAAP,Real Estate,,,Retail REITs,Real_Estate,,,,,,,,,34903.0,,,,No,Yes,Yes,No,No,No,Wikipedia 'List of S&P 500 companies' (2026-08-20); validated vs user SPY Holdings.xlsx,2026-08-20,"HQ: Rockville, Maryland; added 2016-02-01"
2026-08-20,FERG,FERG,FERG,,Common,Ferguson Enterprises,US,,USD,USD,USD,US-GAAP,Industrials,,,Building Products,Industrials,,,,,,,,,2011641.0,,,,No,Yes,Yes,No,No,No,Wikipedia 'List of S&P 500 companies' (2026-08-20); validated vs user SPY Holdings.xlsx,2026-08-20,"HQ: Newport News, Virginia; added 2026-08-05"
2026-08-20,FIS,FIS,FIS,,Common,Fidelity National Information Services,US,,USD,USD,USD,US-GAAP,Financials,,,Transaction & Payment Processing Services,Financials,,,,,,,,,1136893.0,,,,No,Yes,Yes,No,No,No,Wikipedia 'List of S&P 500 companies' (2026-08-20); validated vs user SPY Holdings.xlsx,2026-08-20,"HQ: Jacksonville, Florida; added 2006-11-10"
2026-08-20,FITB,FITB,FITB,,Common,Fifth Third Bancorp,US,,USD,USD,USD,US-GAAP,Financials,,,Regional Banks,Banks,,,,,,,,,35527.0,,,,No,Yes,Yes,No,No,No,Wikipedia 'List of S&P 500 companies' (2026-08-20); validated vs user SPY Holdings.xlsx,2026-08-20,"HQ: Cincinnati, Ohio; added 1996-03-29"
2026-08-20,FSLR,FSLR,FSLR,,Common,First Solar,US,,USD,USD,USD,US-GAAP,Information Technology,,,Semiconductors,Semiconductors_Components,,,,,,,,,1274494.0,,,,No,Yes,Yes,No,No,Yes,Wikipedia 'List of S&P 500 companies' (2026-08-20); validated vs user SPY Holdings.xlsx,2026-08-20,"HQ: Tempe, Arizona; added 2022-12-19"
2026-08-20,FE,FE,FE,,Common,FirstEnergy,US,,USD,USD,USD,US-GAAP,Utilities,,,Electric Utilities,Utilities_Regulated,,,,,,,,,1031296.0,,,,No,Yes,Yes,No,No,No,Wikipedia 'List of S&P 500 companies' (2026-08-20); validated vs user SPY Holdings.xlsx,2026-08-20,"HQ: Akron, Ohio; added 1997-11-28"
2026-08-20,FISV,FISV,FISV,,Common,Fiserv,US,,USD,USD,USD,US-GAAP,Financials,,,Transaction & Payment Processing Services,Financials,,,,,,,,,798354.0,,,,No,Yes,Yes,No,No,No,Wikipedia 'List of S&P 500 companies' (2026-08-20); validated vs user SPY Holdings.xlsx,2026-08-20,"HQ: Brookfield, Wisconsin; added 2001-04-02"
2026-08-20,FLEX,FLEX,FLEX,,Common,Flex Ltd.,US,,USD,USD,USD,US-GAAP,Information Technology,,,Electronic Manufacturing Services,Tech,,,,,,,,,866374.0,,,,No,Yes,Yes,No,No,Yes,Wikipedia 'List of S&P 500 companies' (2026-08-20); validated vs user SPY Holdings.xlsx,2026-08-20,"HQ: Austin, Texas; added 2026-06-22"
2026-08-20,F,F,F,,Common,Ford Motor Company,US,,USD,USD,USD,US-GAAP,Consumer Discretionary,,,Automobile Manufacturers,Autos,,,,,,,,,37996.0,,,,No,Yes,Yes,No,No,No,Wikipedia 'List of S&P 500 companies' (2026-08-20); validated vs user SPY Holdings.xlsx,2026-08-20,"HQ: Dearborn, Michigan; added 1957-03-04"
2026-08-20,FTNT,FTNT,FTNT,,Common,Fortinet,US,,USD,USD,USD,US-GAAP,Information Technology,,,Systems Software,Software,,,,,,,,,1262039.0,,,,No,Yes,Yes,No,No,Yes,Wikipedia 'List of S&P 500 companies' (2026-08-20); validated vs user SPY Holdings.xlsx,2026-08-20,"HQ: Sunnyvale, California; added 2018-10-11"
2026-08-20,FTV,FTV,FTV,,Common,Fortive,US,,USD,USD,USD,US-GAAP,Industrials,,,Industrial Machinery & Supplies & Components,Industrials,,,,,,,,,1659166.0,,,,No,Yes,Yes,No,No,No,Wikipedia 'List of S&P 500 companies' (2026-08-20); validated vs user SPY Holdings.xlsx,2026-08-20,"HQ: Everett, Washington; added 2016-07-01"
2026-08-20,FOXA,FOXA,FOXA,FOX,Class A (primary),Fox Corporation,US,,USD,USD,USD,US-GAAP,Communication Services,,,Broadcasting,Streaming_Entertainment,,,,,,,,,1754301.0,,,,No,Yes,Yes,No,No,No,Wikipedia 'List of S&P 500 companies' (2026-08-20); validated vs user SPY Holdings.xlsx,2026-08-20,"HQ: New York City, New York; added 2019-03-19"
2026-08-20,BEN,BEN,BEN,,Common,Franklin Resources,US,,USD,USD,USD,US-GAAP,Financials,,,Asset Management & Custody Banks,Banks,,,,,,,,,38777.0,,,,No,Yes,Yes,No,No,No,Wikipedia 'List of S&P 500 companies' (2026-08-20); validated vs user SPY Holdings.xlsx,2026-08-20,"HQ: San Mateo, California; added 1998-04-30"
2026-08-20,FCX,FCX,FCX,,Common,Freeport-McMoRan,US,,USD,USD,USD,US-GAAP,Materials,,,Copper,Materials,,,,,,,,,831259.0,,,,No,Yes,Yes,No,No,Yes,Wikipedia 'List of S&P 500 companies' (2026-08-20); validated vs user SPY Holdings.xlsx,2026-08-20,"HQ: Phoenix, Arizona; added 2011-07-01"
2026-08-20,GE,GE,GE,,Common,GE Aerospace,US,,USD,USD,USD,US-GAAP,Industrials,,,Aerospace & Defense,Industrials,,,,,,,,,40545.0,,,,No,Yes,Yes,No,No,No,Wikipedia 'List of S&P 500 companies' (2026-08-20); validated vs user SPY Holdings.xlsx,2026-08-20,"HQ: Evendale, Ohio; added 1957-03-04"
2026-08-20,GEHC,GEHC,GEHC,,Common,GE HealthCare,US,,USD,USD,USD,US-GAAP,Health Care,,,Health Care Equipment,Medical_Devices_Services,,,,,,,,,1932393.0,,,,No,Yes,Yes,No,No,Yes,Wikipedia 'List of S&P 500 companies' (2026-08-20); validated vs user SPY Holdings.xlsx,2026-08-20,"HQ: Chicago, Illinois; added 2023-01-04"
2026-08-20,GEV,GEV,GEV,,Common,GE Vernova,US,,USD,USD,USD,US-GAAP,Industrials,,,Heavy Electrical Equipment,Industrials,,,,,,,,,1996810.0,,,,No,Yes,Yes,No,No,Yes,Wikipedia 'List of S&P 500 companies' (2026-08-20); validated vs user SPY Holdings.xlsx,2026-08-20,"HQ: Cambridge, Massachusetts; added 2024-04-02"
2026-08-20,GRMN,GRMN,GRMN,,Common,Garmin,US,,USD,USD,USD,US-GAAP,Consumer Discretionary,,,Consumer Electronics,Consumer_Cyclical,,,,,,,,,1121788.0,,,,No,Yes,Yes,No,No,Yes,Wikipedia 'List of S&P 500 companies' (2026-08-20); validated vs user SPY Holdings.xlsx,2026-08-20,"HQ: Schaffhausen, Switzerland; added 2012-12-12"
2026-08-20,IT,IT,IT,,Common,Gartner,US,,USD,USD,USD,US-GAAP,Information Technology,,,IT Consulting & Other Services,Tech,,,,,,,,,749251.0,,,,No,Yes,Yes,No,No,Yes,Wikipedia 'List of S&P 500 companies' (2026-08-20); validated vs user SPY Holdings.xlsx,2026-08-20,"HQ: Stamford, Connecticut; added 2017-04-05"
2026-08-20,GEN,GEN,GEN,,Common,Gen Digital,US,,USD,USD,USD,US-GAAP,Information Technology,,,Systems Software,Software,,,,,,,,,849399.0,,,,No,Yes,Yes,No,No,No,Wikipedia 'List of S&P 500 companies' (2026-08-20); validated vs user SPY Holdings.xlsx,2026-08-20,"HQ: Tempe, Arizona; added 2003-03-25"
2026-08-20,GNRC,GNRC,GNRC,,Common,Generac,US,,USD,USD,USD,US-GAAP,Industrials,,,Heavy Electrical Equipment,Industrials,,,,,,,,,1474735.0,,,,No,Yes,Yes,No,No,Yes,Wikipedia 'List of S&P 500 companies' (2026-08-20); validated vs user SPY Holdings.xlsx,2026-08-20,"HQ: Waukesha, Wisconsin; added 2021-03-22"
2026-08-20,GD,GD,GD,,Common,General Dynamics,US,,USD,USD,USD,US-GAAP,Industrials,,,Aerospace & Defense,Industrials,,,,,,,,,40533.0,,,,No,Yes,Yes,No,No,No,Wikipedia 'List of S&P 500 companies' (2026-08-20); validated vs user SPY Holdings.xlsx,2026-08-20,"HQ: Reston, Virginia; added 1957-03-04"
2026-08-20,GIS,GIS,GIS,,Common,General Mills,US,,USD,USD,USD,US-GAAP,Consumer Staples,,,Packaged Foods & Meats,Consumer_Goods,,,,,,,,,40704.0,,,,No,Yes,Yes,No,No,No,Wikipedia 'List of S&P 500 companies' (2026-08-20); validated vs user SPY Holdings.xlsx,2026-08-20,"HQ: Golden Valley, Minnesota; added 1957-03-04"
2026-08-20,GM,GM,GM,,Common,General Motors,US,,USD,USD,USD,US-GAAP,Consumer Discretionary,,,Automobile Manufacturers,Autos,,,,,,,,,1467858.0,,,,No,Yes,Yes,No,No,No,Wikipedia 'List of S&P 500 companies' (2026-08-20); validated vs user SPY Holdings.xlsx,2026-08-20,"HQ: Detroit, Michigan; added 2013-06-06"
2026-08-20,GPC,GPC,GPC,,Common,Genuine Parts Company,US,,USD,USD,USD,US-GAAP,Consumer Discretionary,,,Distributors,Retail,,,,,,,,,40987.0,,,,No,Yes,Yes,No,No,Yes,Wikipedia 'List of S&P 500 companies' (2026-08-20); validated vs user SPY Holdings.xlsx,2026-08-20,"HQ: Atlanta, Georgia; added 1973-12-31"
2026-08-20,GILD,GILD,GILD,,Common,Gilead Sciences,US,,USD,USD,USD,US-GAAP,Health Care,,,Biotechnology,Biotech,,,,,,,,,882095.0,,,,No,Yes,Yes,No,No,Yes,Wikipedia 'List of S&P 500 companies' (2026-08-20); validated vs user SPY Holdings.xlsx,2026-08-20,"HQ: Foster City, California; added 2004-07-01"
2026-08-20,GPN,GPN,GPN,,Common,Global Payments,US,,USD,USD,USD,US-GAAP,Financials,,,Transaction & Payment Processing Services,Financials,,,,,,,,,1123360.0,,,,No,Yes,Yes,No,No,No,Wikipedia 'List of S&P 500 companies' (2026-08-20); validated vs user SPY Holdings.xlsx,2026-08-20,"HQ: Atlanta, Georgia; added 2016-04-25"
2026-08-20,GL,GL,GL,,Common,Globe Life,US,,USD,USD,USD,US-GAAP,Financials,,,Life & Health Insurance,Insurance,,,,,,,,,320335.0,,,,No,Yes,Yes,No,No,No,Wikipedia 'List of S&P 500 companies' (2026-08-20); validated vs user SPY Holdings.xlsx,2026-08-20,"HQ: McKinney, Texas; added 1989-04-30"
2026-08-20,GDDY,GDDY,GDDY,,Common,GoDaddy,US,,USD,USD,USD,US-GAAP,Information Technology,,,Internet Services & Infrastructure,Tech,,,,,,,,,1609711.0,,,,No,Yes,Yes,No,No,Yes,Wikipedia 'List of S&P 500 companies' (2026-08-20); validated vs user SPY Holdings.xlsx,2026-08-20,"HQ: Tempe, Arizona; added 2024-06-24"
2026-08-20,GS,GS,GS,,Common,Goldman Sachs,US,,USD,USD,USD,US-GAAP,Financials,,,Investment Banking & Brokerage,Banks,,,,,,,,,886982.0,,,,No,Yes,Yes,No,No,No,Wikipedia 'List of S&P 500 companies' (2026-08-20); validated vs user SPY Holdings.xlsx,2026-08-20,"HQ: New York City, New York; added 2002-07-22"
2026-08-20,HCA,HCA,HCA,,Common,HCA Healthcare,US,,USD,USD,USD,US-GAAP,Health Care,,,Health Care Facilities,Medical_Devices_Services,,,,,,,,,860730.0,,,,No,Yes,Yes,No,No,No,Wikipedia 'List of S&P 500 companies' (2026-08-20); validated vs user SPY Holdings.xlsx,2026-08-20,"HQ: Nashville, Tennessee; added 2015-01-27"
2026-08-20,HPQ,HPQ,HPQ,,Common,HP Inc.,US,,USD,USD,USD,US-GAAP,Information Technology,,,"Technology Hardware, Storage & Peripherals",Tech,,,,,,,,,47217.0,,,,No,Yes,Yes,No,No,No,Wikipedia 'List of S&P 500 companies' (2026-08-20); validated vs user SPY Holdings.xlsx,2026-08-20,"HQ: Palo Alto, California; added 1974-12-31"
2026-08-20,HAL,HAL,HAL,,Common,Halliburton,US,,USD,USD,USD,US-GAAP,Energy,,,Oil & Gas Equipment & Services,Oil_Gas_Producers,,,,,,,,,45012.0,,,,No,Yes,Yes,No,No,Yes,Wikipedia 'List of S&P 500 companies' (2026-08-20); validated vs user SPY Holdings.xlsx,2026-08-20,"HQ: Houston, Texas; added 1957-03-04"
2026-08-20,HIG,HIG,HIG,,Common,Hartford (The),US,,USD,USD,USD,US-GAAP,Financials,,,Property & Casualty Insurance,Insurance,,,,,,,,,874766.0,,,,No,Yes,Yes,No,No,No,Wikipedia 'List of S&P 500 companies' (2026-08-20); validated vs user SPY Holdings.xlsx,2026-08-20,"HQ: Hartford, Connecticut; added 1957-03-04"
2026-08-20,HAS,HAS,HAS,,Common,Hasbro,US,,USD,USD,USD,US-GAAP,Consumer Discretionary,,,Leisure Products,Consumer_Cyclical,,,,,,,,,46080.0,,,,No,Yes,Yes,No,No,No,Wikipedia 'List of S&P 500 companies' (2026-08-20); validated vs user SPY Holdings.xlsx,2026-08-20,"HQ: Pawtucket, Rhode Island; added 1984-09-30"
2026-08-20,DOC,DOC,DOC,,Common,Healthpeak Properties,US,,USD,USD,USD,US-GAAP,Real Estate,,,Health Care REITs,Real_Estate,,,,,,,,,765880.0,,,,No,Yes,Yes,No,No,No,Wikipedia 'List of S&P 500 companies' (2026-08-20); validated vs user SPY Holdings.xlsx,2026-08-20,"HQ: Denver, Colorado; added 2008-03-31"
2026-08-20,HSIC,HSIC,HSIC,,Common,Henry Schein,US,,USD,USD,USD,US-GAAP,Health Care,,,Health Care Distributors,Medical_Devices_Services,,,,,,,,,1000228.0,,,,No,Yes,Yes,No,No,No,Wikipedia 'List of S&P 500 companies' (2026-08-20); validated vs user SPY Holdings.xlsx,2026-08-20,"HQ: Melville, New York; added 2015-03-17"
2026-08-20,HSY,HSY,HSY,,Common,Hershey Company (The),US,,USD,USD,USD,US-GAAP,Consumer Staples,,,Packaged Foods & Meats,Consumer_Goods,,,,,,,,,47111.0,,,,No,Yes,Yes,No,No,Yes,Wikipedia 'List of S&P 500 companies' (2026-08-20); validated vs user SPY Holdings.xlsx,2026-08-20,"HQ: Hershey, Pennsylvania; added 1957-03-04"
2026-08-20,HPE,HPE,HPE,,Common,Hewlett Packard Enterprise,US,,USD,USD,USD,US-GAAP,Information Technology,,,"Technology Hardware, Storage & Peripherals",Tech,,,,,,,,,1645590.0,,,,No,Yes,Yes,No,No,No,Wikipedia 'List of S&P 500 companies' (2026-08-20); validated vs user SPY Holdings.xlsx,2026-08-20,"HQ: Houston, Texas; added 2015-11-02"
2026-08-20,HLT,HLT,HLT,,Common,Hilton Worldwide,US,,USD,USD,USD,US-GAAP,Consumer Discretionary,,,"Hotels, Resorts & Cruise Lines",Consumer_Cyclical,,,,,,,,,1585689.0,,,,No,Yes,Yes,No,No,No,Wikipedia 'List of S&P 500 companies' (2026-08-20); validated vs user SPY Holdings.xlsx,2026-08-20,"HQ: Tysons Corner, Virginia; added 2017-06-19"
2026-08-20,HD,HD,HD,,Common,Home Depot (The),US,,USD,USD,USD,US-GAAP,Consumer Discretionary,,,Home Improvement Retail,Retail,,,,,,,,,354950.0,,,,No,Yes,Yes,No,No,Yes,Wikipedia 'List of S&P 500 companies' (2026-08-20); validated vs user SPY Holdings.xlsx,2026-08-20,"HQ: Atlanta, Georgia; added 1988-03-31"
2026-08-20,HONA,HONA,HONA,,Common,Honeywell Aerospace,US,,USD,USD,USD,US-GAAP,Industrials,,,Aerospace & Defense,Industrials,,,,,,,,,2089271.0,,,,No,Yes,Yes,No,No,No,Wikipedia 'List of S&P 500 companies' (2026-08-20); validated vs user SPY Holdings.xlsx,2026-08-20,"HQ: Phoenix, Arizona; added 2026-06-29"
2026-08-20,HON,HON,HON,,Common,Honeywell Technologies,US,,USD,USD,USD,US-GAAP,Industrials,,,Industrial Conglomerates,Industrials,,,,,,,,,773840.0,,,,No,Yes,Yes,No,No,No,Wikipedia 'List of S&P 500 companies' (2026-08-20); validated vs user SPY Holdings.xlsx,2026-08-20,"HQ: Charlotte, North Carolina; added 1957-03-04"
2026-08-20,HRL,HRL,HRL,,Common,Hormel Foods,US,,USD,USD,USD,US-GAAP,Consumer Staples,,,Packaged Foods & Meats,Consumer_Goods,,,,,,,,,48465.0,,,,No,Yes,Yes,No,No,No,Wikipedia 'List of S&P 500 companies' (2026-08-20); validated vs user SPY Holdings.xlsx,2026-08-20,"HQ: Austin, Minnesota; added 2009-03-04"
2026-08-20,HST,HST,HST,,Common,Host Hotels & Resorts,US,,USD,USD,USD,US-GAAP,Real Estate,,,Hotel & Resort REITs,Real_Estate,,,,,,,,,1070750.0,,,,No,Yes,Yes,No,No,No,Wikipedia 'List of S&P 500 companies' (2026-08-20); validated vs user SPY Holdings.xlsx,2026-08-20,"HQ: Bethesda, Maryland; added 2007-03-20"
2026-08-20,HWM,HWM,HWM,,Common,Howmet Aerospace,US,,USD,USD,USD,US-GAAP,Industrials,,,Aerospace & Defense,Industrials,,,,,,,,,4281.0,,,,No,Yes,Yes,No,No,No,Wikipedia 'List of S&P 500 companies' (2026-08-20); validated vs user SPY Holdings.xlsx,2026-08-20,"HQ: Pittsburgh, Pennsylvania; added 2016-10-21"
2026-08-20,HUBB,HUBB,HUBB,,Common,Hubbell Incorporated,US,,USD,USD,USD,US-GAAP,Industrials,,,Industrial Machinery & Supplies & Components,Industrials,,,,,,,,,48898.0,,,,No,Yes,Yes,No,No,Yes,Wikipedia 'List of S&P 500 companies' (2026-08-20); validated vs user SPY Holdings.xlsx,2026-08-20,"HQ: Shelton, Connecticut; added 2023-10-18"
2026-08-20,HUM,HUM,HUM,,Common,Humana,US,,USD,USD,USD,US-GAAP,Health Care,,,Managed Health Care,Medical_Devices_Services,,,,,,,,,49071.0,,,,No,Yes,Yes,No,No,No,Wikipedia 'List of S&P 500 companies' (2026-08-20); validated vs user SPY Holdings.xlsx,2026-08-20,"HQ: Louisville, Kentucky; added 2012-12-10"
2026-08-20,HBAN,HBAN,HBAN,,Common,Huntington Bancshares,US,,USD,USD,USD,US-GAAP,Financials,,,Regional Banks,Banks,,,,,,,,,49196.0,,,,No,Yes,Yes,No,No,No,Wikipedia 'List of S&P 500 companies' (2026-08-20); validated vs user SPY Holdings.xlsx,2026-08-20,"HQ: Columbus, Ohio; Detroit, Michigan; added 1997-08-28"
2026-08-20,HII,HII,HII,,Common,Huntington Ingalls Industries,US,,USD,USD,USD,US-GAAP,Industrials,,,Aerospace & Defense,Industrials,,,,,,,,,1501585.0,,,,No,Yes,Yes,No,No,No,Wikipedia 'List of S&P 500 companies' (2026-08-20); validated vs user SPY Holdings.xlsx,2026-08-20,"HQ: Newport News, Virginia; added 2018-01-03"
2026-08-20,IBM,IBM,IBM,,Common,IBM,US,,USD,USD,USD,US-GAAP,Information Technology,,,IT Consulting & Other Services,Tech,,,,,,,,,51143.0,,,,No,Yes,Yes,No,No,Yes,Wikipedia 'List of S&P 500 companies' (2026-08-20); validated vs user SPY Holdings.xlsx,2026-08-20,"HQ: Armonk, New York; added 1957-03-04"
2026-08-20,IEX,IEX,IEX,,Common,IDEX Corporation,US,,USD,USD,USD,US-GAAP,Industrials,,,Industrial Machinery & Supplies & Components,Industrials,,,,,,,,,832101.0,,,,No,Yes,Yes,No,No,Yes,Wikipedia 'List of S&P 500 companies' (2026-08-20); validated vs user SPY Holdings.xlsx,2026-08-20,"HQ: Northbrook, Illinois; added 2019-08-09"
2026-08-20,IQV,IQV,IQV,,Common,IQVIA,US,,USD,USD,USD,US-GAAP,Health Care,,,Life Sciences Tools & Services,Medical_Devices_Services,,,,,,,,,1478242.0,,,,No,Yes,Yes,No,No,No,Wikipedia 'List of S&P 500 companies' (2026-08-20); validated vs user SPY Holdings.xlsx,2026-08-20,"HQ: Durham, North Carolina; added 2017-08-29"
2026-08-20,IDXX,IDXX,IDXX,,Common,Idexx Laboratories,US,,USD,USD,USD,US-GAAP,Health Care,,,Health Care Equipment,Medical_Devices_Services,,,,,,,,,874716.0,,,,No,Yes,Yes,No,No,Yes,Wikipedia 'List of S&P 500 companies' (2026-08-20); validated vs user SPY Holdings.xlsx,2026-08-20,"HQ: Westbrook, Maine; added 2017-01-05"
2026-08-20,ITW,ITW,ITW,,Common,Illinois Tool Works,US,,USD,USD,USD,US-GAAP,Industrials,,,Industrial Machinery & Supplies & Components,Industrials,,,,,,,,,49826.0,,,,No,Yes,Yes,No,No,Yes,Wikipedia 'List of S&P 500 companies' (2026-08-20); validated vs user SPY Holdings.xlsx,2026-08-20,"HQ: Glenview, Illinois; added 1986-02-28"
2026-08-20,INCY,INCY,INCY,,Common,Incyte,US,,USD,USD,USD,US-GAAP,Health Care,,,Biotechnology,Biotech,,,,,,,,,879169.0,,,,No,Yes,Yes,No,No,Yes,Wikipedia 'List of S&P 500 companies' (2026-08-20); validated vs user SPY Holdings.xlsx,2026-08-20,"HQ: Wilmington, Delaware; added 2017-02-28"
2026-08-20,IR,IR,IR,,Common,Ingersoll Rand,US,,USD,USD,USD,US-GAAP,Industrials,,,Industrial Machinery & Supplies & Components,Industrials,,,,,,,,,1699150.0,,,,No,Yes,Yes,No,No,Yes,Wikipedia 'List of S&P 500 companies' (2026-08-20); validated vs user SPY Holdings.xlsx,2026-08-20,"HQ: Davidson, North Carolina; added 2020-03-03"
2026-08-20,PODD,PODD,PODD,,Common,Insulet Corporation,US,,USD,USD,USD,US-GAAP,Health Care,,,Health Care Equipment,Medical_Devices_Services,,,,,,,,,1145197.0,,,,No,Yes,Yes,No,No,Yes,Wikipedia 'List of S&P 500 companies' (2026-08-20); validated vs user SPY Holdings.xlsx,2026-08-20,"HQ: Acton, Massachusetts; added 2023-03-15"
2026-08-20,INTC,INTC,INTC,,Common,Intel,US,,USD,USD,USD,US-GAAP,Information Technology,,,Semiconductors,Semiconductors_Components,,,,,,,,,50863.0,,,,No,Yes,Yes,No,No,No,Wikipedia 'List of S&P 500 companies' (2026-08-20); validated vs user SPY Holdings.xlsx,2026-08-20,"HQ: Santa Clara, California; added 1976-12-31"
2026-08-20,IBKR,IBKR,IBKR,,Common,Interactive Brokers,US,,USD,USD,USD,US-GAAP,Financials,,,Investment Banking & Brokerage,Banks,,,,,,,,,1381197.0,,,,No,Yes,Yes,No,No,No,Wikipedia 'List of S&P 500 companies' (2026-08-20); validated vs user SPY Holdings.xlsx,2026-08-20,"HQ: Greenwich, Connecticut; added 2025-08-28"
2026-08-20,ICE,ICE,ICE,,Common,Intercontinental Exchange,US,,USD,USD,USD,US-GAAP,Financials,,,Financial Exchanges & Data,Financials,,,,,,,,,1571949.0,,,,No,Yes,Yes,No,No,No,Wikipedia 'List of S&P 500 companies' (2026-08-20); validated vs user SPY Holdings.xlsx,2026-08-20,"HQ: Atlanta, Georgia; added 2007-09-26"
2026-08-20,IFF,IFF,IFF,,Common,International Flavors & Fragrances,US,,USD,USD,USD,US-GAAP,Materials,,,Specialty Chemicals,Materials,,,,,,,,,51253.0,,,,No,Yes,Yes,No,No,No,Wikipedia 'List of S&P 500 companies' (2026-08-20); validated vs user SPY Holdings.xlsx,2026-08-20,"HQ: New York City, New York; added 1976-03-31"
2026-08-20,IP,IP,IP,,Common,International Paper,US,,USD,USD,USD,US-GAAP,Materials,,,Paper & Plastic Packaging Products & Materials,Materials,,,,,,,,,51434.0,,,,No,Yes,Yes,No,No,No,Wikipedia 'List of S&P 500 companies' (2026-08-20); validated vs user SPY Holdings.xlsx,2026-08-20,"HQ: Memphis, Tennessee; added 1957-03-04"
2026-08-20,INTU,INTU,INTU,,Common,Intuit,US,,USD,USD,USD,US-GAAP,Information Technology,,,Application Software,Software,,,,,,,,,896878.0,,,,No,Yes,Yes,No,No,No,Wikipedia 'List of S&P 500 companies' (2026-08-20); validated vs user SPY Holdings.xlsx,2026-08-20,"HQ: Mountain View, California; added 2000-12-05"
2026-08-20,ISRG,ISRG,ISRG,,Common,Intuitive Surgical,US,,USD,USD,USD,US-GAAP,Health Care,,,Health Care Equipment,Medical_Devices_Services,,,,,,,,,1035267.0,,,,No,Yes,Yes,No,No,Yes,Wikipedia 'List of S&P 500 companies' (2026-08-20); validated vs user SPY Holdings.xlsx,2026-08-20,"HQ: Sunnyvale, California; added 2008-06-02"
2026-08-20,IVZ,IVZ,IVZ,,Common,Invesco,US,,USD,USD,USD,US-GAAP,Financials,,,Asset Management & Custody Banks,Banks,,,,,,,,,914208.0,,,,No,Yes,Yes,No,No,No,Wikipedia 'List of S&P 500 companies' (2026-08-20); validated vs user SPY Holdings.xlsx,2026-08-20,"HQ: Atlanta, Georgia; added 2008-08-21"
2026-08-20,INVH,INVH,INVH,,Common,Invitation Homes,US,,USD,USD,USD,US-GAAP,Real Estate,,,Single-Family Residential REITs,Real_Estate,,,,,,,,,1687229.0,,,,No,Yes,Yes,No,No,No,Wikipedia 'List of S&P 500 companies' (2026-08-20); validated vs user SPY Holdings.xlsx,2026-08-20,"HQ: Dallas, Texas; added 2022-09-19"
2026-08-20,IRM,IRM,IRM,,Common,Iron Mountain,US,,USD,USD,USD,US-GAAP,Real Estate,,,Other Specialized REITs,Real_Estate,,,,,,,,,1020569.0,,,,No,Yes,Yes,No,No,No,Wikipedia 'List of S&P 500 companies' (2026-08-20); validated vs user SPY Holdings.xlsx,2026-08-20,"HQ: Portsmouth, New Hampshire; added 2009-01-06"
2026-08-20,JBHT,JBHT,JBHT,,Common,J.B. Hunt,US,,USD,USD,USD,US-GAAP,Industrials,,,Cargo Ground Transportation,Industrials,,,,,,,,,728535.0,,,,No,Yes,Yes,No,No,Yes,Wikipedia 'List of S&P 500 companies' (2026-08-20); validated vs user SPY Holdings.xlsx,2026-08-20,"HQ: Lowell, Arkansas; added 2015-07-01"
2026-08-20,SJM,SJM,SJM,,Common,J.M. Smucker Company (The),US,,USD,USD,USD,US-GAAP,Consumer Staples,,,Packaged Foods & Meats,Consumer_Goods,,,,,,,,,91419.0,,,,No,Yes,Yes,No,No,No,Wikipedia 'List of S&P 500 companies' (2026-08-20); validated vs user SPY Holdings.xlsx,2026-08-20,"HQ: Orrville, Ohio; added 2008-11-06"
2026-08-20,JPM,JPM,JPM,,Common,JPMorgan Chase,US,,USD,USD,USD,US-GAAP,Financials,,,Diversified Banks,Banks,,,,,,,,,19617.0,,,,No,Yes,Yes,No,No,No,Wikipedia 'List of S&P 500 companies' (2026-08-20); validated vs user SPY Holdings.xlsx,2026-08-20,"HQ: New York City, New York; added 1975-06-30"
2026-08-20,JBL,JBL,JBL,,Common,Jabil,US,,USD,USD,USD,US-GAAP,Information Technology,,,Electronic Manufacturing Services,Tech,,,,,,,,,898293.0,,,,No,Yes,Yes,No,No,Yes,Wikipedia 'List of S&P 500 companies' (2026-08-20); validated vs user SPY Holdings.xlsx,2026-08-20,"HQ: St. Petersburg, Florida; added 2023-12-18"
2026-08-20,JKHY,JKHY,JKHY,,Common,Jack Henry & Associates,US,,USD,USD,USD,US-GAAP,Financials,,,Transaction & Payment Processing Services,Financials,,,,,,,,,779152.0,,,,No,Yes,Yes,No,No,No,Wikipedia 'List of S&P 500 companies' (2026-08-20); validated vs user SPY Holdings.xlsx,2026-08-20,"HQ: Monett, Missouri; added 2018-11-13"
2026-08-20,J,J,J,,Common,Jacobs Solutions,US,,USD,USD,USD,US-GAAP,Industrials,,,Construction & Engineering,Industrials,,,,,,,,,52988.0,,,,No,Yes,Yes,No,No,No,Wikipedia 'List of S&P 500 companies' (2026-08-20); validated vs user SPY Holdings.xlsx,2026-08-20,"HQ: Dallas, Texas; added 2007-10-26"
2026-08-20,JNJ,JNJ,JNJ,,Common,Johnson & Johnson,US,,USD,USD,USD,US-GAAP,Health Care,,,Pharmaceuticals,Pharma,,,,,,,,,200406.0,,,,No,Yes,Yes,No,No,Yes,Wikipedia 'List of S&P 500 companies' (2026-08-20); validated vs user SPY Holdings.xlsx,2026-08-20,"HQ: New Brunswick, New Jersey; added 1973-06-30"
2026-08-20,JCI,JCI,JCI,,Common,Johnson Controls,US,,USD,USD,USD,US-GAAP,Industrials,,,Building Products,Industrials,,,,,,,,,833444.0,,,,No,Yes,Yes,No,No,Yes,Wikipedia 'List of S&P 500 companies' (2026-08-20); validated vs user SPY Holdings.xlsx,2026-08-20,"HQ: Cork, Ireland; added 2010-08-27"
2026-08-20,KKR,KKR,KKR,,Common,KKR & Co.,US,,USD,USD,USD,US-GAAP,Financials,,,Asset Management & Custody Banks,Banks,,,,,,,,,1404912.0,,,,No,Yes,Yes,No,No,No,Wikipedia 'List of S&P 500 companies' (2026-08-20); validated vs user SPY Holdings.xlsx,2026-08-20,"HQ: New York City, New York; added 2024-06-24"
2026-08-20,KLAC,KLAC,KLAC,,Common,KLA Corporation,US,,USD,USD,USD,US-GAAP,Information Technology,,,Semiconductor Materials & Equipment,Semiconductors_Components,,,,,,,,,319201.0,,,,No,Yes,Yes,No,No,Yes,Wikipedia 'List of S&P 500 companies' (2026-08-20); validated vs user SPY Holdings.xlsx,2026-08-20,"HQ: Milpitas, California; added 1997-09-30"
2026-08-20,KVUE,KVUE,KVUE,,Common,Kenvue,US,,USD,USD,USD,US-GAAP,Consumer Staples,,,Personal Care Products,Consumer_Goods,,,,,,,,,1944048.0,,,,No,Yes,Yes,No,No,Yes,Wikipedia 'List of S&P 500 companies' (2026-08-20); validated vs user SPY Holdings.xlsx,2026-08-20,"HQ: Skillman, New Jersey; added 2023-08-25"
2026-08-20,KDP,KDP,KDP,,Common,Keurig Dr Pepper,US,,USD,USD,USD,US-GAAP,Consumer Staples,,,Soft Drinks & Non-alcoholic Beverages,Consumer_Goods,,,,,,,,,1418135.0,,,,No,Yes,Yes,No,No,No,Wikipedia 'List of S&P 500 companies' (2026-08-20); validated vs user SPY Holdings.xlsx,2026-08-20,"HQ: Burlington, Massachusetts; added 2022-06-21"
2026-08-20,KEY,KEY,KEY,,Common,KeyCorp,US,,USD,USD,USD,US-GAAP,Financials,,,Regional Banks,Banks,,,,,,,,,91576.0,,,,No,Yes,Yes,No,No,No,Wikipedia 'List of S&P 500 companies' (2026-08-20); validated vs user SPY Holdings.xlsx,2026-08-20,"HQ: Cleveland, Ohio; added 1994-03-01"
2026-08-20,KEYS,KEYS,KEYS,,Common,Keysight Technologies,US,,USD,USD,USD,US-GAAP,Information Technology,,,Electronic Equipment & Instruments,Tech,,,,,,,,,1601046.0,,,,No,Yes,Yes,No,No,No,Wikipedia 'List of S&P 500 companies' (2026-08-20); validated vs user SPY Holdings.xlsx,2026-08-20,"HQ: Santa Rosa, California; added 2018-11-06"
2026-08-20,KMB,KMB,KMB,,Common,Kimberly-Clark,US,,USD,USD,USD,US-GAAP,Consumer Staples,,,Household Products,Consumer_Goods,,,,,,,,,55785.0,,,,No,Yes,Yes,No,No,Yes,Wikipedia 'List of S&P 500 companies' (2026-08-20); validated vs user SPY Holdings.xlsx,2026-08-20,"HQ: Irving, Texas; added 1957-03-04"
2026-08-20,KIM,KIM,KIM,,Common,Kimco Realty,US,,USD,USD,USD,US-GAAP,Real Estate,,,Retail REITs,Real_Estate,,,,,,,,,879101.0,,,,No,Yes,Yes,No,No,No,Wikipedia 'List of S&P 500 companies' (2026-08-20); validated vs user SPY Holdings.xlsx,2026-08-20,"HQ: Jericho, New York; added 2006-04-04"
2026-08-20,KMI,KMI,KMI,,Common,Kinder Morgan,US,,USD,USD,USD,US-GAAP,Energy,,,Oil & Gas Storage & Transportation,Pipelines_Midstream,,,,,,,,,1506307.0,,,,No,Yes,Yes,No,No,No,Wikipedia 'List of S&P 500 companies' (2026-08-20); validated vs user SPY Holdings.xlsx,2026-08-20,"HQ: Houston, Texas; added 2012-05-25"
2026-08-20,KHC,KHC,KHC,,Common,Kraft Heinz,US,,USD,USD,USD,US-GAAP,Consumer Staples,,,Packaged Foods & Meats,Consumer_Goods,,,,,,,,,1637459.0,,,,No,Yes,Yes,No,No,No,Wikipedia 'List of S&P 500 companies' (2026-08-20); validated vs user SPY Holdings.xlsx,2026-08-20,"HQ: Chicago, Illinois; Pittsburgh, Pennsylvania; added 2015-07-06"
2026-08-20,KR,KR,KR,,Common,Kroger,US,,USD,USD,USD,US-GAAP,Consumer Staples,,,Food Retail,Discount_Stores,,,,,,,,,56873.0,,,,No,Yes,Yes,No,No,No,Wikipedia 'List of S&P 500 companies' (2026-08-20); validated vs user SPY Holdings.xlsx,2026-08-20,"HQ: Cincinnati, Ohio; added 1957-03-04"
2026-08-20,LHX,LHX,LHX,,Common,L3Harris,US,,USD,USD,USD,US-GAAP,Industrials,,,Aerospace & Defense,Industrials,,,,,,,,,202058.0,,,,No,Yes,Yes,No,No,No,Wikipedia 'List of S&P 500 companies' (2026-08-20); validated vs user SPY Holdings.xlsx,2026-08-20,"HQ: Melbourne, Florida; added 2008-09-22"
2026-08-20,LH,LH,LH,,Common,Labcorp,US,,USD,USD,USD,US-GAAP,Health Care,,,Health Care Services,Medical_Devices_Services,,,,,,,,,920148.0,,,,No,Yes,Yes,No,No,Yes,Wikipedia 'List of S&P 500 companies' (2026-08-20); validated vs user SPY Holdings.xlsx,2026-08-20,"HQ: Burlington, North Carolina; added 2004-11-01"
2026-08-20,LRCX,LRCX,LRCX,,Common,Lam Research,US,,USD,USD,USD,US-GAAP,Information Technology,,,Semiconductor Materials & Equipment,Semiconductors_Components,,,,,,,,,707549.0,,,,No,Yes,Yes,No,No,Yes,Wikipedia 'List of S&P 500 companies' (2026-08-20); validated vs user SPY Holdings.xlsx,2026-08-20,"HQ: Fremont, California; added 2012-06-29"
2026-08-20,LVS,LVS,LVS,,Common,Las Vegas Sands,US,,USD,USD,USD,US-GAAP,Consumer Discretionary,,,Casinos & Gaming,Consumer_Cyclical,,,,,,,,,1300514.0,,,,No,Yes,Yes,No,No,No,Wikipedia 'List of S&P 500 companies' (2026-08-20); validated vs user SPY Holdings.xlsx,2026-08-20,"HQ: Las Vegas, Nevada; added 2019-10-03"
2026-08-20,LDOS,LDOS,LDOS,,Common,Leidos,US,,USD,USD,USD,US-GAAP,Industrials,,,Diversified Support Services,Industrials,,,,,,,,,1336920.0,,,,No,Yes,Yes,No,No,No,Wikipedia 'List of S&P 500 companies' (2026-08-20); validated vs user SPY Holdings.xlsx,2026-08-20,"HQ: Reston, Virginia; added 2019-08-09"
2026-08-20,LEN,LEN,LEN,,Common,Lennar,US,,USD,USD,USD,US-GAAP,Consumer Discretionary,,,Homebuilding,Consumer_Cyclical,,,,,,,,,920760.0,,,,No,Yes,Yes,No,No,No,Wikipedia 'List of S&P 500 companies' (2026-08-20); validated vs user SPY Holdings.xlsx,2026-08-20,"HQ: Miami, Florida; added 2005-10-04"
2026-08-20,LII,LII,LII,,Common,Lennox International,US,,USD,USD,USD,US-GAAP,Industrials,,,Building Products,Industrials,,,,,,,,,1069202.0,,,,No,Yes,Yes,No,No,Yes,Wikipedia 'List of S&P 500 companies' (2026-08-20); validated vs user SPY Holdings.xlsx,2026-08-20,"HQ: Richardson, Texas; added 2024-12-23"
2026-08-20,LLY,LLY,LLY,,Common,Lilly (Eli),US,,USD,USD,USD,US-GAAP,Health Care,,,Pharmaceuticals,Pharma,,,,,,,,,59478.0,,,,No,Yes,Yes,No,No,Yes,Wikipedia 'List of S&P 500 companies' (2026-08-20); validated vs user SPY Holdings.xlsx,2026-08-20,"HQ: Indianapolis, Indiana; added 1970-12-31"
2026-08-20,LIN,LIN,LIN,,Common,Linde plc,US,,USD,USD,USD,US-GAAP,Materials,,,Industrial Gases,Materials,,,,,,,,,1707925.0,,,,No,Yes,Yes,No,No,Yes,Wikipedia 'List of S&P 500 companies' (2026-08-20); validated vs user SPY Holdings.xlsx,2026-08-20,"HQ: Guildford, United Kingdom; added 1992-07-01"
2026-08-20,LYV,LYV,LYV,,Common,Live Nation Entertainment,US,,USD,USD,USD,US-GAAP,Communication Services,,,Movies & Entertainment,Streaming_Entertainment,,,,,,,,,1335258.0,,,,No,Yes,Yes,No,No,No,Wikipedia 'List of S&P 500 companies' (2026-08-20); validated vs user SPY Holdings.xlsx,2026-08-20,"HQ: Beverly Hills, California; added 2019-12-23"
2026-08-20,LMT,LMT,LMT,,Common,Lockheed Martin,US,,USD,USD,USD,US-GAAP,Industrials,,,Aerospace & Defense,Industrials,,,,,,,,,936468.0,,,,No,Yes,Yes,No,No,No,Wikipedia 'List of S&P 500 companies' (2026-08-20); validated vs user SPY Holdings.xlsx,2026-08-20,"HQ: Bethesda, Maryland; added 1957-03-04"
2026-08-20,L,L,L,,Common,Loews Corporation,US,,USD,USD,USD,US-GAAP,Financials,,,Multi-line Insurance,Insurance,,,,,,,,,60086.0,,,,No,Yes,Yes,No,No,No,Wikipedia 'List of S&P 500 companies' (2026-08-20); validated vs user SPY Holdings.xlsx,2026-08-20,"HQ: New York City, New York; added 1995-05-31"
2026-08-20,LOW,LOW,LOW,,Common,Lowe's,US,,USD,USD,USD,US-GAAP,Consumer Discretionary,,,Home Improvement Retail,Retail,,,,,,,,,60667.0,,,,No,Yes,Yes,No,No,Yes,Wikipedia 'List of S&P 500 companies' (2026-08-20); validated vs user SPY Holdings.xlsx,2026-08-20,"HQ: Mooresville, North Carolina; added 1984-02-29"
2026-08-20,LULU,LULU,LULU,,Common,Lululemon Athletica,US,,USD,USD,USD,US-GAAP,Consumer Discretionary,,,"Apparel, Accessories & Luxury Goods",Consumer_Cyclical,,,,,,,,,1397187.0,,,,No,Yes,Yes,No,No,Yes,Wikipedia 'List of S&P 500 companies' (2026-08-20); validated vs user SPY Holdings.xlsx,2026-08-20,"HQ: Vancouver, Canada; added 2023-10-18"
2026-08-20,LITE,LITE,LITE,,Common,Lumentum,US,,USD,USD,USD,US-GAAP,Information Technology,,,Communications Equipment,Networking,,,,,,,,,1633978.0,,,,No,Yes,Yes,No,No,Yes,Wikipedia 'List of S&P 500 companies' (2026-08-20); validated vs user SPY Holdings.xlsx,2026-08-20,"HQ: San Jose, California; added 2026-03-23"
2026-08-20,LYB,LYB,LYB,,Common,LyondellBasell,US,,USD,USD,USD,US-GAAP,Materials,,,Specialty Chemicals,Materials,,,,,,,,,1489393.0,,,,No,Yes,Yes,No,No,No,Wikipedia 'List of S&P 500 companies' (2026-08-20); validated vs user SPY Holdings.xlsx,2026-08-20,"HQ: Rotterdam, Netherlands; added 2012-09-05"
2026-08-20,MTB,MTB,MTB,,Common,M&T Bank,US,,USD,USD,USD,US-GAAP,Financials,,,Regional Banks,Banks,,,,,,,,,36270.0,,,,No,Yes,Yes,No,No,No,Wikipedia 'List of S&P 500 companies' (2026-08-20); validated vs user SPY Holdings.xlsx,2026-08-20,"HQ: Buffalo, New York; added 2004-02-23"
2026-08-20,MGM,MGM,MGM,,Common,MGM Resorts,US,,USD,USD,USD,US-GAAP,Consumer Discretionary,,,Casinos & Gaming,Consumer_Cyclical,,,,,,,,,789570.0,,,,No,Yes,Yes,No,No,No,Wikipedia 'List of S&P 500 companies' (2026-08-20); validated vs user SPY Holdings.xlsx,2026-08-20,"HQ: Paradise, Nevada; added 2017-07-26"
2026-08-20,MSCI,MSCI,MSCI,,Common,MSCI,US,,USD,USD,USD,US-GAAP,Financials,,,Financial Exchanges & Data,Financials,,,,,,,,,1408198.0,,,,No,Yes,Yes,No,No,No,Wikipedia 'List of S&P 500 companies' (2026-08-20); validated vs user SPY Holdings.xlsx,2026-08-20,"HQ: New York City, New York; added 2018-04-04"
2026-08-20,MPC,MPC,MPC,,Common,Marathon Petroleum,US,,USD,USD,USD,US-GAAP,Energy,,,Oil & Gas Refining & Marketing,Oil_Gas_Producers,,,,,,,,,1510295.0,,,,No,Yes,Yes,No,No,No,Wikipedia 'List of S&P 500 companies' (2026-08-20); validated vs user SPY Holdings.xlsx,2026-08-20,"HQ: Findlay, Ohio; added 2011-07-01"
2026-08-20,MAR,MAR,MAR,,Common,Marriott International,US,,USD,USD,USD,US-GAAP,Consumer Discretionary,,,"Hotels, Resorts & Cruise Lines",Consumer_Cyclical,,,,,,,,,1048286.0,,,,No,Yes,Yes,No,No,No,Wikipedia 'List of S&P 500 companies' (2026-08-20); validated vs user SPY Holdings.xlsx,2026-08-20,"HQ: Bethesda, Maryland; added 1998-05-29"
2026-08-20,MRSH,MRSH,MRSH,,Common,Marsh McLennan,US,,USD,USD,USD,US-GAAP,Financials,,,Insurance Brokers,Insurance,,,,,,,,,62709.0,,,,No,Yes,Yes,No,No,No,Wikipedia 'List of S&P 500 companies' (2026-08-20); validated vs user SPY Holdings.xlsx,2026-08-20,"HQ: New York City, New York; added 1987-08-31"
2026-08-20,MLM,MLM,MLM,,Common,Martin Marietta Materials,US,,USD,USD,USD,US-GAAP,Materials,,,Construction Materials,Materials,,,,,,,,,916076.0,,,,No,Yes,Yes,No,No,Yes,Wikipedia 'List of S&P 500 companies' (2026-08-20); validated vs user SPY Holdings.xlsx,2026-08-20,"HQ: Raleigh, North Carolina; added 2014-07-02"
2026-08-20,MRVL,MRVL,MRVL,,Common,Marvell Technology,US,,USD,USD,USD,US-GAAP,Information Technology,,,Semiconductors,Semiconductors_Components,,,,,,,,,1835632.0,,,,No,Yes,Yes,No,No,Yes,Wikipedia 'List of S&P 500 companies' (2026-08-20); validated vs user SPY Holdings.xlsx,2026-08-20,"HQ: Santa Clara, California; added 2026-06-22"
2026-08-20,MAS,MAS,MAS,,Common,Masco,US,,USD,USD,USD,US-GAAP,Industrials,,,Building Products,Industrials,,,,,,,,,62996.0,,,,No,Yes,Yes,No,No,Yes,Wikipedia 'List of S&P 500 companies' (2026-08-20); validated vs user SPY Holdings.xlsx,2026-08-20,"HQ: Livonia, Michigan; added 1981-06-30"
2026-08-20,MA,MA,MA,,Common,Mastercard,US,,USD,USD,USD,US-GAAP,Financials,,,Transaction & Payment Processing Services,Financials,,,,,,,,,1141391.0,,,,No,Yes,Yes,No,No,No,Wikipedia 'List of S&P 500 companies' (2026-08-20); validated vs user SPY Holdings.xlsx,2026-08-20,"HQ: Harrison, New York; added 2008-07-18"
2026-08-20,MKC,MKC,MKC,,Common,McCormick & Company,US,,USD,USD,USD,US-GAAP,Consumer Staples,,,Packaged Foods & Meats,Consumer_Goods,,,,,,,,,63754.0,,,,No,Yes,Yes,No,No,Yes,Wikipedia 'List of S&P 500 companies' (2026-08-20); validated vs user SPY Holdings.xlsx,2026-08-20,"HQ: Hunt Valley, Maryland; added 2003-03-20"
2026-08-20,MCD,MCD,MCD,,Common,McDonald's,US,,USD,USD,USD,US-GAAP,Consumer Discretionary,,,Restaurants,Fast_Food_Restaurants,,,,,,,,,63908.0,,,,No,Yes,Yes,No,No,No,Wikipedia 'List of S&P 500 companies' (2026-08-20); validated vs user SPY Holdings.xlsx,2026-08-20,"HQ: Chicago, Illinois; added 1970-06-30"
2026-08-20,MCK,MCK,MCK,,Common,McKesson Corporation,US,,USD,USD,USD,US-GAAP,Health Care,,,Health Care Distributors,Medical_Devices_Services,,,,,,,,,927653.0,,,,No,Yes,Yes,No,No,Yes,Wikipedia 'List of S&P 500 companies' (2026-08-20); validated vs user SPY Holdings.xlsx,2026-08-20,"HQ: Irving, Texas; added 1999-01-13"
2026-08-20,MDT,MDT,MDT,,Common,Medtronic,US,,USD,USD,USD,US-GAAP,Health Care,,,Health Care Equipment,Medical_Devices_Services,,,,,,,,,1613103.0,,,,No,Yes,Yes,No,No,Yes,Wikipedia 'List of S&P 500 companies' (2026-08-20); validated vs user SPY Holdings.xlsx,2026-08-20,"HQ: Galway, Ireland; added 1986-10-31"
2026-08-20,MRK,MRK,MRK,,Common,Merck & Co.,US,,USD,USD,USD,US-GAAP,Health Care,,,Pharmaceuticals,Pharma,,,,,,,,,310158.0,,,,No,Yes,Yes,No,No,Yes,Wikipedia 'List of S&P 500 companies' (2026-08-20); validated vs user SPY Holdings.xlsx,2026-08-20,"HQ: Kenilworth, New Jersey; added 1957-03-04"
2026-08-20,MET,MET,MET,,Common,MetLife,US,,USD,USD,USD,US-GAAP,Financials,,,Life & Health Insurance,Insurance,,,,,,,,,1099219.0,,,,No,Yes,Yes,No,No,No,Wikipedia 'List of S&P 500 companies' (2026-08-20); validated vs user SPY Holdings.xlsx,2026-08-20,"HQ: New York City, New York; added 2000-12-11"
2026-08-20,META,META,META,,Common,Meta Platforms,US,,USD,USD,USD,US-GAAP,Communication Services,,,Interactive Media & Services,Internet_Platforms,,,,,,,,,1326801.0,,,,No,Yes,Yes,No,No,No,Wikipedia 'List of S&P 500 companies' (2026-08-20); validated vs user SPY Holdings.xlsx,2026-08-20,"HQ: Menlo Park, California; added 2013-12-23"
2026-08-20,MTD,MTD,MTD,,Common,Mettler Toledo,US,,USD,USD,USD,US-GAAP,Health Care,,,Life Sciences Tools & Services,Medical_Devices_Services,,,,,,,,,1037646.0,,,,No,Yes,Yes,No,No,Yes,Wikipedia 'List of S&P 500 companies' (2026-08-20); validated vs user SPY Holdings.xlsx,2026-08-20,"HQ: Columbus, Ohio; added 2016-09-06"
2026-08-20,MCHP,MCHP,MCHP,,Common,Microchip Technology,US,,USD,USD,USD,US-GAAP,Information Technology,,,Semiconductors,Semiconductors_Components,,,,,,,,,827054.0,,,,No,Yes,Yes,No,No,Yes,Wikipedia 'List of S&P 500 companies' (2026-08-20); validated vs user SPY Holdings.xlsx,2026-08-20,"HQ: Chandler, Arizona; added 2007-09-07"
2026-08-20,MU,MU,MU,,Common,Micron Technology,US,,USD,USD,USD,US-GAAP,Information Technology,,,Semiconductors,Semiconductors_Components,,,,,,,,,723125.0,,,,No,Yes,Yes,No,No,Yes,Wikipedia 'List of S&P 500 companies' (2026-08-20); validated vs user SPY Holdings.xlsx,2026-08-20,"HQ: Boise, Idaho; added 1994-09-27"
2026-08-20,MSFT,MSFT,MSFT,,Common,Microsoft,US,,USD,USD,USD,US-GAAP,Information Technology,,,Systems Software,Software,,,,,,,,,789019.0,,,,No,Yes,Yes,No,No,Yes,Wikipedia 'List of S&P 500 companies' (2026-08-20); validated vs user SPY Holdings.xlsx,2026-08-20,"HQ: Redmond, Washington; added 1994-06-01"
2026-08-20,MAA,MAA,MAA,,Common,Mid-America Apartment Communities,US,,USD,USD,USD,US-GAAP,Real Estate,,,Multi-Family Residential REITs,Real_Estate,,,,,,,,,912595.0,,,,No,Yes,Yes,No,No,Yes,Wikipedia 'List of S&P 500 companies' (2026-08-20); validated vs user SPY Holdings.xlsx,2026-08-20,"HQ: Memphis, Tennessee; added 2016-12-02"
2026-08-20,MRNA,MRNA,MRNA,,Common,Moderna,US,,USD,USD,USD,US-GAAP,Health Care,,,Biotechnology,Biotech,,,,,,,,,1682852.0,,,,No,Yes,Yes,No,No,No,Wikipedia 'List of S&P 500 companies' (2026-08-20); validated vs user SPY Holdings.xlsx,2026-08-20,"HQ: Cambridge, Massachusetts; added 2021-07-21"
2026-08-20,TAP,TAP,TAP,,Common,Molson Coors Beverage Company,US,,USD,USD,USD,US-GAAP,Consumer Staples,,,Brewers,Consumer_Defensive,,,,,,,,,24545.0,,,,No,Yes,Yes,No,No,No,Wikipedia 'List of S&P 500 companies' (2026-08-20); validated vs user SPY Holdings.xlsx,2026-08-20,"HQ: Chicago, Illinois; added 1976-06-30"
2026-08-20,MDLZ,MDLZ,MDLZ,,Common,Mondelez International,US,,USD,USD,USD,US-GAAP,Consumer Staples,,,Packaged Foods & Meats,Consumer_Goods,,,,,,,,,1103982.0,,,,No,Yes,Yes,No,No,Yes,Wikipedia 'List of S&P 500 companies' (2026-08-20); validated vs user SPY Holdings.xlsx,2026-08-20,"HQ: Chicago, Illinois; added 2012-10-02"
2026-08-20,MPWR,MPWR,MPWR,,Common,Monolithic Power Systems,US,,USD,USD,USD,US-GAAP,Information Technology,,,Semiconductors,Semiconductors_Components,,,,,,,,,1280452.0,,,,No,Yes,Yes,No,No,Yes,Wikipedia 'List of S&P 500 companies' (2026-08-20); validated vs user SPY Holdings.xlsx,2026-08-20,"HQ: Kirkland, Washington; added 2021-02-12"
2026-08-20,MNST,MNST,MNST,,Common,Monster Beverage,US,,USD,USD,USD,US-GAAP,Consumer Staples,,,Soft Drinks & Non-alcoholic Beverages,Consumer_Goods,,,,,,,,,865752.0,,,,No,Yes,Yes,No,No,Yes,Wikipedia 'List of S&P 500 companies' (2026-08-20); validated vs user SPY Holdings.xlsx,2026-08-20,"HQ: Corona, California; added 2012-06-28"
2026-08-20,MCO,MCO,MCO,,Common,Moody's Corporation,US,,USD,USD,USD,US-GAAP,Financials,,,Financial Exchanges & Data,Financials,,,,,,,,,1059556.0,,,,No,Yes,Yes,No,No,No,Wikipedia 'List of S&P 500 companies' (2026-08-20); validated vs user SPY Holdings.xlsx,2026-08-20,"HQ: New York City, New York; added 1998-07-01"
2026-08-20,MS,MS,MS,,Common,Morgan Stanley,US,,USD,USD,USD,US-GAAP,Financials,,,Investment Banking & Brokerage,Banks,,,,,,,,,895421.0,,,,No,Yes,Yes,No,No,No,Wikipedia 'List of S&P 500 companies' (2026-08-20); validated vs user SPY Holdings.xlsx,2026-08-20,"HQ: New York City, New York; added 1993-07-29"
2026-08-20,MOS,MOS,MOS,,Common,Mosaic Company (The),US,,USD,USD,USD,US-GAAP,Materials,,,Fertilizers & Agricultural Chemicals,Materials,,,,,,,,,1285785.0,,,,No,Yes,Yes,No,No,No,Wikipedia 'List of S&P 500 companies' (2026-08-20); validated vs user SPY Holdings.xlsx,2026-08-20,"HQ: Tampa, Florida; added 2011-09-26"
2026-08-20,MSI,MSI,MSI,,Common,Motorola Solutions,US,,USD,USD,USD,US-GAAP,Information Technology,,,Communications Equipment,Networking,,,,,,,,,68505.0,,,,No,Yes,Yes,No,No,No,Wikipedia 'List of S&P 500 companies' (2026-08-20); validated vs user SPY Holdings.xlsx,2026-08-20,"HQ: Chicago, Illinois; added 1957-03-04"
2026-08-20,NRG,NRG,NRG,,Common,NRG Energy,US,,USD,USD,USD,US-GAAP,Utilities,,,Independent Power Producers & Energy Traders,Utilities_Regulated,,,,,,,,,1013871.0,,,,No,Yes,Yes,No,No,No,Wikipedia 'List of S&P 500 companies' (2026-08-20); validated vs user SPY Holdings.xlsx,2026-08-20,"HQ: Houston, Texas; added 2010-01-29"
2026-08-20,NVR,NVR,NVR,,Common,"NVR, Inc.",US,,USD,USD,USD,US-GAAP,Consumer Discretionary,,,Homebuilding,Consumer_Cyclical,,,,,,,,,906163.0,,,,No,Yes,Yes,No,No,No,Wikipedia 'List of S&P 500 companies' (2026-08-20); validated vs user SPY Holdings.xlsx,2026-08-20,"HQ: Reston, Virginia; added 2019-09-26"
2026-08-20,NXPI,NXPI,NXPI,,Common,NXP Semiconductors,US,,USD,USD,USD,US-GAAP,Information Technology,,,Semiconductors,Semiconductors_Components,,,,,,,,,1413447.0,,,,No,Yes,Yes,No,No,Yes,Wikipedia 'List of S&P 500 companies' (2026-08-20); validated vs user SPY Holdings.xlsx,2026-08-20,"HQ: Eindhoven, Netherlands; added 2021-03-22"
2026-08-20,NDAQ,NDAQ,NDAQ,,Common,"Nasdaq, Inc.",US,,USD,USD,USD,US-GAAP,Financials,,,Financial Exchanges & Data,Financials,,,,,,,,,1120193.0,,,,No,Yes,Yes,No,No,No,Wikipedia 'List of S&P 500 companies' (2026-08-20); validated vs user SPY Holdings.xlsx,2026-08-20,"HQ: New York City, New York; added 2008-10-22"
2026-08-20,NTAP,NTAP,NTAP,,Common,NetApp,US,,USD,USD,USD,US-GAAP,Information Technology,,,"Technology Hardware, Storage & Peripherals",Tech,,,,,,,,,1002047.0,,,,No,Yes,Yes,No,No,Yes,Wikipedia 'List of S&P 500 companies' (2026-08-20); validated vs user SPY Holdings.xlsx,2026-08-20,"HQ: San Jose, California; added 1999-06-25"
2026-08-20,NFLX,NFLX,NFLX,,Common,Netflix,US,,USD,USD,USD,US-GAAP,Communication Services,,,Movies & Entertainment,Streaming_Entertainment,,,,,,,,,1065280.0,,,,No,Yes,Yes,No,No,No,Wikipedia 'List of S&P 500 companies' (2026-08-20); validated vs user SPY Holdings.xlsx,2026-08-20,"HQ: Los Gatos, California; added 2010-12-20"
2026-08-20,NEM,NEM,NEM,,Common,Newmont,US,,USD,USD,USD,US-GAAP,Materials,,,Gold,Materials,,,,,,,,,1164727.0,,,,No,Yes,Yes,No,No,Yes,Wikipedia 'List of S&P 500 companies' (2026-08-20); validated vs user SPY Holdings.xlsx,2026-08-20,"HQ: Denver, Colorado; added 1969-06-30"
2026-08-20,NWSA,NWSA,NWSA,NWS,Class A (primary),News Corp,US,,USD,USD,USD,US-GAAP,Communication Services,,,Publishing,Comm_Services,,,,,,,,,1564708.0,,,,No,Yes,Yes,No,No,No,Wikipedia 'List of S&P 500 companies' (2026-08-20); validated vs user SPY Holdings.xlsx,2026-08-20,"HQ: New York City, New York; added 2013-08-01"
2026-08-20,NEE,NEE,NEE,,Common,NextEra Energy,US,,USD,USD,USD,US-GAAP,Utilities,,,Multi-Utilities,Utilities_Regulated,,,,,,,,,753308.0,,,,No,Yes,Yes,No,No,No,Wikipedia 'List of S&P 500 companies' (2026-08-20); validated vs user SPY Holdings.xlsx,2026-08-20,"HQ: Juno Beach, Florida; added 1976-06-30"
2026-08-20,NI,NI,NI,,Common,NiSource,US,,USD,USD,USD,US-GAAP,Utilities,,,Multi-Utilities,Utilities_Regulated,,,,,,,,,1111711.0,,,,No,Yes,Yes,No,No,No,Wikipedia 'List of S&P 500 companies' (2026-08-20); validated vs user SPY Holdings.xlsx,2026-08-20,"HQ: Merrillville, Indiana; added 2000-11-02"
2026-08-20,NKE,NKE,NKE,,Common,"Nike, Inc.",US,,USD,USD,USD,US-GAAP,Consumer Discretionary,,,"Apparel, Accessories & Luxury Goods",Consumer_Cyclical,,,,,,,,,320187.0,,,,No,Yes,Yes,No,No,Yes,Wikipedia 'List of S&P 500 companies' (2026-08-20); validated vs user SPY Holdings.xlsx,2026-08-20,"HQ: Washington County, Oregon; added 1988-11-30"
2026-08-20,NDSN,NDSN,NDSN,,Common,Nordson Corporation,US,,USD,USD,USD,US-GAAP,Industrials,,,Industrial Machinery & Supplies & Components,Industrials,,,,,,,,,72331.0,,,,No,Yes,Yes,No,No,Yes,Wikipedia 'List of S&P 500 companies' (2026-08-20); validated vs user SPY Holdings.xlsx,2026-08-20,"HQ: Westlake, Ohio; added 2022-02-15"
2026-08-20,NSC,NSC,NSC,,Common,Norfolk Southern,US,,USD,USD,USD,US-GAAP,Industrials,,,Rail Transportation,Railroads,,,,,,,,,702165.0,,,,No,Yes,Yes,No,No,Yes,Wikipedia 'List of S&P 500 companies' (2026-08-20); validated vs user SPY Holdings.xlsx,2026-08-20,"HQ: Atlanta, Georgia; added 1957-03-04"
2026-08-20,NTRS,NTRS,NTRS,,Common,Northern Trust,US,,USD,USD,USD,US-GAAP,Financials,,,Asset Management & Custody Banks,Banks,,,,,,,,,73124.0,,,,No,Yes,Yes,No,No,No,Wikipedia 'List of S&P 500 companies' (2026-08-20); validated vs user SPY Holdings.xlsx,2026-08-20,"HQ: Chicago, Illinois; added 1998-01-30"
2026-08-20,NOC,NOC,NOC,,Common,Northrop Grumman,US,,USD,USD,USD,US-GAAP,Industrials,,,Aerospace & Defense,Industrials,,,,,,,,,1133421.0,,,,No,Yes,Yes,No,No,No,Wikipedia 'List of S&P 500 companies' (2026-08-20); validated vs user SPY Holdings.xlsx,2026-08-20,"HQ: West Falls Church, Virginia[2]; added 1957-03-04"
2026-08-20,NCLH,NCLH,NCLH,,Common,Norwegian Cruise Line Holdings,US,,USD,USD,USD,US-GAAP,Consumer Discretionary,,,"Hotels, Resorts & Cruise Lines",Consumer_Cyclical,,,,,,,,,1513761.0,,,,No,Yes,Yes,No,No,No,Wikipedia 'List of S&P 500 companies' (2026-08-20); validated vs user SPY Holdings.xlsx,2026-08-20,"HQ: Miami-Dade County, Florida[3]; added 2017-10-13"
2026-08-20,NUE,NUE,NUE,,Common,Nucor,US,,USD,USD,USD,US-GAAP,Materials,,,Steel,Materials,,,,,,,,,73309.0,,,,No,Yes,Yes,No,No,Yes,Wikipedia 'List of S&P 500 companies' (2026-08-20); validated vs user SPY Holdings.xlsx,2026-08-20,"HQ: Charlotte, North Carolina; added 1985-04-30"
2026-08-20,NVDA,NVDA,NVDA,,Common,Nvidia,US,,USD,USD,USD,US-GAAP,Information Technology,,,Semiconductors,Semiconductors_Components,,,,,,,,,1045810.0,,,,No,Yes,Yes,No,No,Yes,Wikipedia 'List of S&P 500 companies' (2026-08-20); validated vs user SPY Holdings.xlsx,2026-08-20,"HQ: Santa Clara, California; added 2001-11-30"
2026-08-20,ORLY,ORLY,ORLY,,Common,O'Reilly Automotive,US,,USD,USD,USD,US-GAAP,Consumer Discretionary,,,Automotive Retail,Retail,,,,,,,,,898173.0,,,,No,Yes,Yes,No,No,Yes,Wikipedia 'List of S&P 500 companies' (2026-08-20); validated vs user SPY Holdings.xlsx,2026-08-20,"HQ: Springfield, Missouri; added 2009-03-27"
2026-08-20,ON,ON,ON,,Common,ON Semiconductor,US,,USD,USD,USD,US-GAAP,Information Technology,,,Semiconductors,Semiconductors_Components,,,,,,,,,1097864.0,,,,No,Yes,Yes,No,No,Yes,Wikipedia 'List of S&P 500 companies' (2026-08-20); validated vs user SPY Holdings.xlsx,2026-08-20,"HQ: Phoenix, Arizona; added 2022-06-21"
2026-08-20,OXY,OXY,OXY,,Common,Occidental Petroleum,US,,USD,USD,USD,US-GAAP,Energy,,,Oil & Gas Exploration & Production,Oil_Gas_Producers,,,,,,,,,797468.0,,,,No,Yes,Yes,No,No,No,Wikipedia 'List of S&P 500 companies' (2026-08-20); validated vs user SPY Holdings.xlsx,2026-08-20,"HQ: Houston, Texas; added 1957-03-04"
2026-08-20,ODFL,ODFL,ODFL,,Common,Old Dominion,US,,USD,USD,USD,US-GAAP,Industrials,,,Cargo Ground Transportation,Industrials,,,,,,,,,878927.0,,,,No,Yes,Yes,No,No,Yes,Wikipedia 'List of S&P 500 companies' (2026-08-20); validated vs user SPY Holdings.xlsx,2026-08-20,"HQ: Thomasville, North Carolina; added 2019-12-09"
2026-08-20,OMC,OMC,OMC,,Common,Omnicom Group,US,,USD,USD,USD,US-GAAP,Communication Services,,,Advertising,Streaming_Entertainment,,,,,,,,,29989.0,,,,No,Yes,Yes,No,No,No,Wikipedia 'List of S&P 500 companies' (2026-08-20); validated vs user SPY Holdings.xlsx,2026-08-20,"HQ: New York City, New York; added 1997-12-31"
2026-08-20,OKE,OKE,OKE,,Common,Oneok,US,,USD,USD,USD,US-GAAP,Energy,,,Oil & Gas Storage & Transportation,Pipelines_Midstream,,,,,,,,,1039684.0,,,,No,Yes,Yes,No,No,No,Wikipedia 'List of S&P 500 companies' (2026-08-20); validated vs user SPY Holdings.xlsx,2026-08-20,"HQ: Tulsa, Oklahoma; added 2010-03-15"
2026-08-20,ORCL,ORCL,ORCL,,Common,Oracle Corporation,US,,USD,USD,USD,US-GAAP,Information Technology,,,Application Software,Software,,,,,,,,,1341439.0,,,,No,Yes,Yes,No,No,Yes,Wikipedia 'List of S&P 500 companies' (2026-08-20); validated vs user SPY Holdings.xlsx,2026-08-20,"HQ: Austin, Texas; added 1989-08-31"
2026-08-20,OTIS,OTIS,OTIS,,Common,Otis Worldwide,US,,USD,USD,USD,US-GAAP,Industrials,,,Industrial Machinery & Supplies & Components,Industrials,,,,,,,,,1781335.0,,,,No,Yes,Yes,No,No,Yes,Wikipedia 'List of S&P 500 companies' (2026-08-20); validated vs user SPY Holdings.xlsx,2026-08-20,"HQ: Farmington, Connecticut; added 2020-04-03"
2026-08-20,PCG,PCG,PCG,,Common,PG&E Corporation,US,,USD,USD,USD,US-GAAP,Utilities,,,Multi-Utilities,Utilities_Regulated,,,,,,,,,1004980.0,,,,No,Yes,Yes,No,No,No,Wikipedia 'List of S&P 500 companies' (2026-08-20); validated vs user SPY Holdings.xlsx,2026-08-20,"HQ: Oakland, California; added 2022-10-03"
2026-08-20,PNC,PNC,PNC,,Common,PNC Financial Services,US,,USD,USD,USD,US-GAAP,Financials,,,Diversified Banks,Banks,,,,,,,,,713676.0,,,,No,Yes,Yes,No,No,No,Wikipedia 'List of S&P 500 companies' (2026-08-20); validated vs user SPY Holdings.xlsx,2026-08-20,"HQ: Pittsburgh, Pennsylvania; added 1988-04-30"
2026-08-20,PPG,PPG,PPG,,Common,PPG Industries,US,,USD,USD,USD,US-GAAP,Materials,,,Specialty Chemicals,Materials,,,,,,,,,79879.0,,,,No,Yes,Yes,No,No,Yes,Wikipedia 'List of S&P 500 companies' (2026-08-20); validated vs user SPY Holdings.xlsx,2026-08-20,"HQ: Pittsburgh, Pennsylvania; added 1957-03-04"
2026-08-20,PPL,PPL,PPL,,Common,PPL Corporation,US,,USD,USD,USD,US-GAAP,Utilities,,,Electric Utilities,Utilities_Regulated,,,,,,,,,922224.0,,,,No,Yes,Yes,No,No,No,Wikipedia 'List of S&P 500 companies' (2026-08-20); validated vs user SPY Holdings.xlsx,2026-08-20,"HQ: Allentown, Pennsylvania; added 2001-10-01"
2026-08-20,PTC,PTC,PTC,,Common,PTC Inc.,US,,USD,USD,USD,US-GAAP,Information Technology,,,Application Software,Software,,,,,,,,,857005.0,,,,No,Yes,Yes,No,No,Yes,Wikipedia 'List of S&P 500 companies' (2026-08-20); validated vs user SPY Holdings.xlsx,2026-08-20,"HQ: Boston, Massachusetts; added 2021-04-20"
2026-08-20,PCAR,PCAR,PCAR,,Common,Paccar,US,,USD,USD,USD,US-GAAP,Industrials,,,Construction Machinery & Heavy Transportation Equipment,Industrials,,,,,,,,,75362.0,,,,No,Yes,Yes,No,No,No,Wikipedia 'List of S&P 500 companies' (2026-08-20); validated vs user SPY Holdings.xlsx,2026-08-20,"HQ: Bellevue, Washington; added 1980-12-31"
2026-08-20,PKG,PKG,PKG,,Common,Packaging Corporation of America,US,,USD,USD,USD,US-GAAP,Materials,,,Paper & Plastic Packaging Products & Materials,Materials,,,,,,,,,75677.0,,,,No,Yes,Yes,No,No,Yes,Wikipedia 'List of S&P 500 companies' (2026-08-20); validated vs user SPY Holdings.xlsx,2026-08-20,"HQ: Lake Forest, Illinois; added 2017-07-26"
2026-08-20,PLTR,PLTR,PLTR,,Common,Palantir Technologies,US,,USD,USD,USD,US-GAAP,Information Technology,,,Application Software,Software,,,,,,,,,1321655.0,,,,No,Yes,Yes,No,No,No,Wikipedia 'List of S&P 500 companies' (2026-08-20); validated vs user SPY Holdings.xlsx,2026-08-20,"HQ: Aventura, Florida; added 2024-09-23"
2026-08-20,PANW,PANW,PANW,,Common,Palo Alto Networks,US,,USD,USD,USD,US-GAAP,Information Technology,,,Systems Software,Software,,,,,,,,,1327567.0,,,,No,Yes,Yes,No,No,Yes,Wikipedia 'List of S&P 500 companies' (2026-08-20); validated vs user SPY Holdings.xlsx,2026-08-20,"HQ: Santa Clara, California; added 2023-06-20"
2026-08-20,PSKY,PSKY,PSKY,,Common,Paramount Skydance Corporation,US,,USD,USD,USD,US-GAAP,Communication Services,,,Movies & Entertainment,Streaming_Entertainment,,,,,,,,,2041610.0,,,,No,Yes,Yes,No,No,No,Wikipedia 'List of S&P 500 companies' (2026-08-20); validated vs user SPY Holdings.xlsx,2026-08-20,"HQ: Los Angeles, California; added 1994-09-30"
2026-08-20,PH,PH,PH,,Common,Parker Hannifin,US,,USD,USD,USD,US-GAAP,Industrials,,,Industrial Machinery & Supplies & Components,Industrials,,,,,,,,,76334.0,,,,No,Yes,Yes,No,No,No,Wikipedia 'List of S&P 500 companies' (2026-08-20); validated vs user SPY Holdings.xlsx,2026-08-20,"HQ: Cleveland, Ohio; added 1985-11-30"
2026-08-20,PYPL,PYPL,PYPL,,Common,PayPal,US,,USD,USD,USD,US-GAAP,Financials,,,Transaction & Payment Processing Services,Financials,,,,,,,,,1633917.0,,,,No,Yes,Yes,No,No,No,Wikipedia 'List of S&P 500 companies' (2026-08-20); validated vs user SPY Holdings.xlsx,2026-08-20,"HQ: San Jose, California; added 2015-07-20"
2026-08-20,PAYX,PAYX,PAYX,,Common,Paychex,US,,USD,USD,USD,US-GAAP,Industrials,,,Human Resource & Employment Services,Industrials,,,,,,,,,723531.0,,,,No,Yes,Yes,No,No,No,Wikipedia 'List of S&P 500 companies' (2026-08-20); validated vs user SPY Holdings.xlsx,2026-08-20,"HQ: Penfield, New York; added 1998-10-01"
2026-08-20,PNR,PNR,PNR,,Common,Pentair,US,,USD,USD,USD,US-GAAP,Industrials,,,Industrial Machinery & Supplies & Components,Industrials,,,,,,,,,77360.0,,,,No,Yes,Yes,No,No,Yes,Wikipedia 'List of S&P 500 companies' (2026-08-20); validated vs user SPY Holdings.xlsx,2026-08-20,"HQ: Worsley, United Kingdom; added 2012-10-01"
2026-08-20,PEP,PEP,PEP,,Common,PepsiCo,US,,USD,USD,USD,US-GAAP,Consumer Staples,,,Soft Drinks & Non-alcoholic Beverages,Consumer_Goods,,,,,,,,,77476.0,,,,No,Yes,Yes,No,No,Yes,Wikipedia 'List of S&P 500 companies' (2026-08-20); validated vs user SPY Holdings.xlsx,2026-08-20,"HQ: Purchase, New York; added 1957-03-04"
2026-08-20,PFE,PFE,PFE,,Common,Pfizer,US,,USD,USD,USD,US-GAAP,Health Care,,,Pharmaceuticals,Pharma,,,,,,,,,78003.0,,,,No,Yes,Yes,No,No,No,Wikipedia 'List of S&P 500 companies' (2026-08-20); validated vs user SPY Holdings.xlsx,2026-08-20,"HQ: New York City, New York; added 1957-03-04"
2026-08-20,PM,PM,PM,,Common,Philip Morris International,US,,USD,USD,USD,US-GAAP,Consumer Staples,,,Tobacco,Consumer_Goods,,,,,,,,,1413329.0,,,,No,Yes,Yes,No,No,No,Wikipedia 'List of S&P 500 companies' (2026-08-20); validated vs user SPY Holdings.xlsx,2026-08-20,"HQ: New York City, New York; added 2008-03-31"
2026-08-20,PSX,PSX,PSX,,Common,Phillips 66,US,,USD,USD,USD,US-GAAP,Energy,,,Oil & Gas Refining & Marketing,Oil_Gas_Producers,,,,,,,,,1534701.0,,,,No,Yes,Yes,No,No,No,Wikipedia 'List of S&P 500 companies' (2026-08-20); validated vs user SPY Holdings.xlsx,2026-08-20,"HQ: Houston, Texas; added 2012-05-01"
2026-08-20,PNW,PNW,PNW,,Common,Pinnacle West Capital,US,,USD,USD,USD,US-GAAP,Utilities,,,Multi-Utilities,Utilities_Regulated,,,,,,,,,764622.0,,,,No,Yes,Yes,No,No,No,Wikipedia 'List of S&P 500 companies' (2026-08-20); validated vs user SPY Holdings.xlsx,2026-08-20,"HQ: Phoenix, Arizona; added 1999-10-04"
2026-08-20,PFG,PFG,PFG,,Common,Principal Financial Group,US,,USD,USD,USD,US-GAAP,Financials,,,Life & Health Insurance,Insurance,,,,,,,,,1126328.0,,,,No,Yes,Yes,No,No,No,Wikipedia 'List of S&P 500 companies' (2026-08-20); validated vs user SPY Holdings.xlsx,2026-08-20,"HQ: Des Moines, Iowa; added 2002-07-22"
2026-08-20,PG,PG,PG,,Common,Procter & Gamble,US,,USD,USD,USD,US-GAAP,Consumer Staples,,,Personal Care Products,Consumer_Goods,,,,,,,,,80424.0,,,,No,Yes,Yes,No,No,Yes,Wikipedia 'List of S&P 500 companies' (2026-08-20); validated vs user SPY Holdings.xlsx,2026-08-20,"HQ: Cincinnati, Ohio; added 1957-03-04"
2026-08-20,PGR,PGR,PGR,,Common,Progressive Corporation,US,,USD,USD,USD,US-GAAP,Financials,,,Property & Casualty Insurance,Insurance,,,,,,,,,80661.0,,,,No,Yes,Yes,No,No,No,Wikipedia 'List of S&P 500 companies' (2026-08-20); validated vs user SPY Holdings.xlsx,2026-08-20,"HQ: Mayfield Village, Ohio; added 1997-08-04"
2026-08-20,PLD,PLD,PLD,,Common,Prologis,US,,USD,USD,USD,US-GAAP,Real Estate,,,Industrial REITs,Real_Estate,,,,,,,,,1045609.0,,,,No,Yes,Yes,No,No,Yes,Wikipedia 'List of S&P 500 companies' (2026-08-20); validated vs user SPY Holdings.xlsx,2026-08-20,"HQ: San Francisco, California; added 2003-07-17"
2026-08-20,PRU,PRU,PRU,,Common,Prudential Financial,US,,USD,USD,USD,US-GAAP,Financials,,,Life & Health Insurance,Insurance,,,,,,,,,1137774.0,,,,No,Yes,Yes,No,No,No,Wikipedia 'List of S&P 500 companies' (2026-08-20); validated vs user SPY Holdings.xlsx,2026-08-20,"HQ: Newark, New Jersey; added 2002-07-22"
2026-08-20,PEG,PEG,PEG,,Common,Public Service Enterprise Group,US,,USD,USD,USD,US-GAAP,Utilities,,,Electric Utilities,Utilities_Regulated,,,,,,,,,788784.0,,,,No,Yes,Yes,No,No,No,Wikipedia 'List of S&P 500 companies' (2026-08-20); validated vs user SPY Holdings.xlsx,2026-08-20,"HQ: Newark, New Jersey; added 1957-03-04"
2026-08-20,PSA,PSA,PSA,,Common,Public Storage,US,,USD,USD,USD,US-GAAP,Real Estate,,,Self-Storage REITs,Real_Estate,,,,,,,,,1393311.0,,,,No,Yes,Yes,No,No,No,Wikipedia 'List of S&P 500 companies' (2026-08-20); validated vs user SPY Holdings.xlsx,2026-08-20,"HQ: Glendale, California; added 2005-08-19"
2026-08-20,PHM,PHM,PHM,,Common,PulteGroup,US,,USD,USD,USD,US-GAAP,Consumer Discretionary,,,Homebuilding,Consumer_Cyclical,,,,,,,,,822416.0,,,,No,Yes,Yes,No,No,Yes,Wikipedia 'List of S&P 500 companies' (2026-08-20); validated vs user SPY Holdings.xlsx,2026-08-20,"HQ: Atlanta, Georgia; added 1984-04-30"
2026-08-20,Q,Q,Q,,Common,Qnity Electronics,US,,USD,USD,USD,US-GAAP,Information Technology,,,Semiconductor Materials & Equipment,Semiconductors_Components,,,,,,,,,2058873.0,,,,No,Yes,Yes,No,No,Yes,Wikipedia 'List of S&P 500 companies' (2026-08-20); validated vs user SPY Holdings.xlsx,2026-08-20,"HQ: Wilmington, Delaware; added 2025-11-03"
2026-08-20,QCOM,QCOM,QCOM,,Common,Qualcomm,US,,USD,USD,USD,US-GAAP,Information Technology,,,Semiconductors,Semiconductors_Components,,,,,,,,,804328.0,,,,No,Yes,Yes,No,No,Yes,Wikipedia 'List of S&P 500 companies' (2026-08-20); validated vs user SPY Holdings.xlsx,2026-08-20,"HQ: San Diego, California; added 1999-07-22"
2026-08-20,PWR,PWR,PWR,,Common,Quanta Services,US,,USD,USD,USD,US-GAAP,Industrials,,,Construction & Engineering,Industrials,,,,,,,,,1050915.0,,,,No,Yes,Yes,No,No,Yes,Wikipedia 'List of S&P 500 companies' (2026-08-20); validated vs user SPY Holdings.xlsx,2026-08-20,"HQ: Houston, Texas; added 2009-07-01"
2026-08-20,DGX,DGX,DGX,,Common,Quest Diagnostics,US,,USD,USD,USD,US-GAAP,Health Care,,,Health Care Services,Medical_Devices_Services,,,,,,,,,1022079.0,,,,No,Yes,Yes,No,No,No,Wikipedia 'List of S&P 500 companies' (2026-08-20); validated vs user SPY Holdings.xlsx,2026-08-20,"HQ: Secaucus, New Jersey; added 2002-12-12"
2026-08-20,RTX,RTX,RTX,,Common,RTX Corporation,US,,USD,USD,USD,US-GAAP,Industrials,,,Aerospace & Defense,Industrials,,,,,,,,,101829.0,,,,No,Yes,Yes,No,No,No,Wikipedia 'List of S&P 500 companies' (2026-08-20); validated vs user SPY Holdings.xlsx,2026-08-20,"HQ: Waltham, Massachusetts; added 1957-03-04"
2026-08-20,RL,RL,RL,,Common,Ralph Lauren Corporation,US,,USD,USD,USD,US-GAAP,Consumer Discretionary,,,"Apparel, Accessories & Luxury Goods",Consumer_Cyclical,,,,,,,,,1037038.0,,,,No,Yes,Yes,No,No,Yes,Wikipedia 'List of S&P 500 companies' (2026-08-20); validated vs user SPY Holdings.xlsx,2026-08-20,"HQ: New York City, New York; added 2007-02-02"
2026-08-20,RJF,RJF,RJF,,Common,Raymond James Financial,US,,USD,USD,USD,US-GAAP,Financials,,,Investment Banking & Brokerage,Banks,,,,,,,,,720005.0,,,,No,Yes,Yes,No,No,No,Wikipedia 'List of S&P 500 companies' (2026-08-20); validated vs user SPY Holdings.xlsx,2026-08-20,"HQ: St. Petersburg, Florida; added 2017-03-20"
2026-08-20,O,O,O,,Common,Realty Income,US,,USD,USD,USD,US-GAAP,Real Estate,,,Retail REITs,Real_Estate,,,,,,,,,726728.0,,,,No,Yes,Yes,No,No,No,Wikipedia 'List of S&P 500 companies' (2026-08-20); validated vs user SPY Holdings.xlsx,2026-08-20,"HQ: San Diego, California; added 2015-04-07"
2026-08-20,RDDT,RDDT,RDDT,,Common,Reddit,US,,USD,USD,USD,US-GAAP,Communication Services,,,Interactive Media & Services,Internet_Platforms,,,,,,,,,1713445.0,,,,No,Yes,Yes,No,No,No,Wikipedia 'List of S&P 500 companies' (2026-08-20); validated vs user SPY Holdings.xlsx,2026-08-20,"HQ: San Francisco, California; added 2026-08-18"
2026-08-20,REG,REG,REG,,Common,Regency Centers,US,,USD,USD,USD,US-GAAP,Real Estate,,,Retail REITs,Real_Estate,,,,,,,,,910606.0,,,,No,Yes,Yes,No,No,No,Wikipedia 'List of S&P 500 companies' (2026-08-20); validated vs user SPY Holdings.xlsx,2026-08-20,"HQ: Jacksonville, Florida; added 2017-03-02"
2026-08-20,REGN,REGN,REGN,,Common,Regeneron Pharmaceuticals,US,,USD,USD,USD,US-GAAP,Health Care,,,Biotechnology,Biotech,,,,,,,,,872589.0,,,,No,Yes,Yes,No,No,Yes,Wikipedia 'List of S&P 500 companies' (2026-08-20); validated vs user SPY Holdings.xlsx,2026-08-20,"HQ: Tarrytown, New York; added 2013-05-01"
2026-08-20,RF,RF,RF,,Common,Regions Financial Corporation,US,,USD,USD,USD,US-GAAP,Financials,,,Regional Banks,Banks,,,,,,,,,1281761.0,,,,No,Yes,Yes,No,No,No,Wikipedia 'List of S&P 500 companies' (2026-08-20); validated vs user SPY Holdings.xlsx,2026-08-20,"HQ: Birmingham, Alabama; added 1998-08-28"
2026-08-20,RSG,RSG,RSG,,Common,Republic Services,US,,USD,USD,USD,US-GAAP,Industrials,,,Environmental & Facilities Services,Industrials,,,,,,,,,1060391.0,,,,No,Yes,Yes,No,No,Yes,Wikipedia 'List of S&P 500 companies' (2026-08-20); validated vs user SPY Holdings.xlsx,2026-08-20,"HQ: Phoenix, Arizona; added 2008-12-05"
2026-08-20,RMD,RMD,RMD,,Common,ResMed|,US,,USD,USD,USD,US-GAAP,Health Care,,,Health Care Equipment,Medical_Devices_Services,,,,,,,,,943819.0,,,,No,Yes,Yes,No,No,Yes,Wikipedia 'List of S&P 500 companies' (2026-08-20); validated vs user SPY Holdings.xlsx,2026-08-20,"HQ: San Diego, California; added 2017-07-26"
2026-08-20,RVTY,RVTY,RVTY,,Common,Revvity,US,,USD,USD,USD,US-GAAP,Health Care,,,Health Care Equipment,Medical_Devices_Services,,,,,,,,,31791.0,,,,No,Yes,Yes,No,No,Yes,Wikipedia 'List of S&P 500 companies' (2026-08-20); validated vs user SPY Holdings.xlsx,2026-08-20,"HQ: Waltham, Massachusetts; added 1985-05-31"
2026-08-20,HOOD,HOOD,HOOD,,Common,Robinhood Markets,US,,USD,USD,USD,US-GAAP,Financials,,,Investment Banking & Brokerage,Banks,,,,,,,,,1783879.0,,,,No,Yes,Yes,No,No,No,Wikipedia 'List of S&P 500 companies' (2026-08-20); validated vs user SPY Holdings.xlsx,2026-08-20,"HQ: Menlo Park, California; added 2025-09-22"
2026-08-20,ROK,ROK,ROK,,Common,Rockwell Automation,US,,USD,USD,USD,US-GAAP,Industrials,,,Electrical Components & Equipment,Industrials,,,,,,,,,1024478.0,,,,No,Yes,Yes,No,No,Yes,Wikipedia 'List of S&P 500 companies' (2026-08-20); validated vs user SPY Holdings.xlsx,2026-08-20,"HQ: Milwaukee, Wisconsin; added 2000-03-12"
2026-08-20,ROL,ROL,ROL,,Common,"Rollins, Inc.",US,,USD,USD,USD,US-GAAP,Industrials,,,Environmental & Facilities Services,Industrials,,,,,,,,,84839.0,,,,No,Yes,Yes,No,No,Yes,Wikipedia 'List of S&P 500 companies' (2026-08-20); validated vs user SPY Holdings.xlsx,2026-08-20,"HQ: Atlanta, Georgia; added 2018-10-01"
2026-08-20,ROP,ROP,ROP,,Common,Roper Technologies,US,,USD,USD,USD,US-GAAP,Information Technology,,,Electronic Equipment & Instruments,Tech,,,,,,,,,882835.0,,,,No,Yes,Yes,No,No,Yes,Wikipedia 'List of S&P 500 companies' (2026-08-20); validated vs user SPY Holdings.xlsx,2026-08-20,"HQ: Sarasota, Florida; added 2009-12-23"
2026-08-20,ROST,ROST,ROST,,Common,Ross Stores,US,,USD,USD,USD,US-GAAP,Consumer Discretionary,,,Apparel Retail,Retail,,,,,,,,,745732.0,,,,No,Yes,Yes,No,No,Yes,Wikipedia 'List of S&P 500 companies' (2026-08-20); validated vs user SPY Holdings.xlsx,2026-08-20,"HQ: Dublin, California; added 2009-12-21"
2026-08-20,RCL,RCL,RCL,,Common,Royal Caribbean Group,US,,USD,USD,USD,US-GAAP,Consumer Discretionary,,,"Hotels, Resorts & Cruise Lines",Consumer_Cyclical,,,,,,,,,884887.0,,,,No,Yes,Yes,No,No,No,Wikipedia 'List of S&P 500 companies' (2026-08-20); validated vs user SPY Holdings.xlsx,2026-08-20,"HQ: Miami, Florida; added 2014-12-05"
2026-08-20,SPGI,SPGI,SPGI,,Common,S&P Global,US,,USD,USD,USD,US-GAAP,Financials,,,Financial Exchanges & Data,Financials,,,,,,,,,64040.0,,,,No,Yes,Yes,No,No,No,Wikipedia 'List of S&P 500 companies' (2026-08-20); validated vs user SPY Holdings.xlsx,2026-08-20,"HQ: New York City, New York; added 1957-03-04"
2026-08-20,SBAC,SBAC,SBAC,,Common,SBA Communications,US,,USD,USD,USD,US-GAAP,Real Estate,,,Telecom Tower REITs,Real_Estate,,,,,,,,,1034054.0,,,,No,Yes,Yes,No,No,No,Wikipedia 'List of S&P 500 companies' (2026-08-20); validated vs user SPY Holdings.xlsx,2026-08-20,"HQ: Boca Raton, Florida; added 2017-09-01"
2026-08-20,CRM,CRM,CRM,,Common,Salesforce,US,,USD,USD,USD,US-GAAP,Information Technology,,,Application Software,Software,,,,,,,,,1108524.0,,,,No,Yes,Yes,No,No,Yes,Wikipedia 'List of S&P 500 companies' (2026-08-20); validated vs user SPY Holdings.xlsx,2026-08-20,"HQ: San Francisco, California; added 2008-09-15"
2026-08-20,SNDK,SNDK,SNDK,,Common,Sandisk,US,,USD,USD,USD,US-GAAP,Information Technology,,,"Technology Hardware, Storage & Peripherals",Tech,,,,,,,,,2023554.0,,,,No,Yes,Yes,No,No,Yes,Wikipedia 'List of S&P 500 companies' (2026-08-20); validated vs user SPY Holdings.xlsx,2026-08-20,"HQ: Milpitas, California; added 2025-11-28"
2026-08-20,SLB,SLB,SLB,,Common,Schlumberger,US,,USD,USD,USD,US-GAAP,Energy,,,Oil & Gas Equipment & Services,Oil_Gas_Producers,,,,,,,,,87347.0,,,,No,Yes,Yes,No,No,Yes,Wikipedia 'List of S&P 500 companies' (2026-08-20); validated vs user SPY Holdings.xlsx,2026-08-20,"HQ: Houston, Texas; added 1957-03-04"
2026-08-20,STX,STX,STX,,Common,Seagate Technology,US,,USD,USD,USD,US-GAAP,Information Technology,,,"Technology Hardware, Storage & Peripherals",Tech,,,,,,,,,1137789.0,,,,No,Yes,Yes,No,No,Yes,Wikipedia 'List of S&P 500 companies' (2026-08-20); validated vs user SPY Holdings.xlsx,2026-08-20,"HQ: Dublin, Ireland; added 2012-07-02"
2026-08-20,SRE,SRE,SRE,,Common,Sempra,US,,USD,USD,USD,US-GAAP,Utilities,,,Multi-Utilities,Utilities_Regulated,,,,,,,,,1032208.0,,,,No,Yes,Yes,No,No,No,Wikipedia 'List of S&P 500 companies' (2026-08-20); validated vs user SPY Holdings.xlsx,2026-08-20,"HQ: San Diego, California; added 2017-03-17"
2026-08-20,NOW,NOW,NOW,,Common,ServiceNow,US,,USD,USD,USD,US-GAAP,Information Technology,,,Systems Software,Software,,,,,,,,,1373715.0,,,,No,Yes,Yes,No,No,Yes,Wikipedia 'List of S&P 500 companies' (2026-08-20); validated vs user SPY Holdings.xlsx,2026-08-20,"HQ: Santa Clara, California; added 2019-11-21"
2026-08-20,SHW,SHW,SHW,,Common,Sherwin-Williams,US,,USD,USD,USD,US-GAAP,Materials,,,Specialty Chemicals,Materials,,,,,,,,,89800.0,,,,No,Yes,Yes,No,No,Yes,Wikipedia 'List of S&P 500 companies' (2026-08-20); validated vs user SPY Holdings.xlsx,2026-08-20,"HQ: Cleveland, Ohio; added 1964-06-30"
2026-08-20,SPG,SPG,SPG,,Common,Simon Property Group,US,,USD,USD,USD,US-GAAP,Real Estate,,,Retail REITs,Real_Estate,,,,,,,,,1063761.0,,,,No,Yes,Yes,No,No,No,Wikipedia 'List of S&P 500 companies' (2026-08-20); validated vs user SPY Holdings.xlsx,2026-08-20,"HQ: Indianapolis, Indiana; added 2002-06-26"
2026-08-20,SWKS,SWKS,SWKS,,Common,Skyworks Solutions,US,,USD,USD,USD,US-GAAP,Information Technology,,,Semiconductors,Semiconductors_Components,,,,,,,,,4127.0,,,,No,Yes,Yes,No,No,Yes,Wikipedia 'List of S&P 500 companies' (2026-08-20); validated vs user SPY Holdings.xlsx,2026-08-20,"HQ: Irvine, California; added 2015-03-12"
2026-08-20,SW,SW,SW,,Common,Smurfit Westrock,US,,USD,USD,USD,US-GAAP,Materials,,,Paper & Plastic Packaging Products & Materials,Materials,,,,,,,,,2005951.0,,,,No,Yes,Yes,No,No,No,Wikipedia 'List of S&P 500 companies' (2026-08-20); validated vs user SPY Holdings.xlsx,2026-08-20,"HQ: Dublin, Ireland; added 2024-07-08"
2026-08-20,SNA,SNA,SNA,,Common,Snap-on,US,,USD,USD,USD,US-GAAP,Industrials,,,Industrial Machinery & Supplies & Components,Industrials,,,,,,,,,91440.0,,,,No,Yes,Yes,No,No,No,Wikipedia 'List of S&P 500 companies' (2026-08-20); validated vs user SPY Holdings.xlsx,2026-08-20,"HQ: Kenosha, Wisconsin; added 1982-09-30"
2026-08-20,SOLV,SOLV,SOLV,,Common,Solventum,US,,USD,USD,USD,US-GAAP,Health Care,,,Health Care Technology,Medical_Devices_Services,,,,,,,,,1964738.0,,,,No,Yes,Yes,No,No,No,Wikipedia 'List of S&P 500 companies' (2026-08-20); validated vs user SPY Holdings.xlsx,2026-08-20,"HQ: Saint Paul, Minnesota; added 2024-04-01"
2026-08-20,SO,SO,SO,,Common,Southern Company,US,,USD,USD,USD,US-GAAP,Utilities,,,Electric Utilities,Utilities_Regulated,,,,,,,,,92122.0,,,,No,Yes,Yes,No,No,No,Wikipedia 'List of S&P 500 companies' (2026-08-20); validated vs user SPY Holdings.xlsx,2026-08-20,"HQ: Atlanta, Georgia; added 1957-03-04"
2026-08-20,LUV,LUV,LUV,,Common,Southwest Airlines,US,,USD,USD,USD,US-GAAP,Industrials,,,Passenger Airlines,Airlines,,,,,,,,,92380.0,,,,No,Yes,Yes,No,No,No,Wikipedia 'List of S&P 500 companies' (2026-08-20); validated vs user SPY Holdings.xlsx,2026-08-20,"HQ: Dallas, Texas; added 1994-07-01"
2026-08-20,SWK,SWK,SWK,,Common,Stanley Black & Decker,US,,USD,USD,USD,US-GAAP,Industrials,,,Industrial Machinery & Supplies & Components,Industrials,,,,,,,,,93556.0,,,,No,Yes,Yes,No,No,No,Wikipedia 'List of S&P 500 companies' (2026-08-20); validated vs user SPY Holdings.xlsx,2026-08-20,"HQ: New Britain, Connecticut; added 1982-09-30"
2026-08-20,SBUX,SBUX,SBUX,,Common,Starbucks,US,,USD,USD,USD,US-GAAP,Consumer Discretionary,,,Restaurants,Fast_Food_Restaurants,,,,,,,,,829224.0,,,,No,Yes,Yes,No,No,No,Wikipedia 'List of S&P 500 companies' (2026-08-20); validated vs user SPY Holdings.xlsx,2026-08-20,"HQ: Seattle, Washington; added 2000-06-07"
2026-08-20,STT,STT,STT,,Common,State Street Corporation,US,,USD,USD,USD,US-GAAP,Financials,,,Asset Management & Custody Banks,Banks,,,,,,,,,93751.0,,,,No,Yes,Yes,No,No,No,Wikipedia 'List of S&P 500 companies' (2026-08-20); validated vs user SPY Holdings.xlsx,2026-08-20,"HQ: Boston, Massachusetts; added 2003-03-14"
2026-08-20,STLD,STLD,STLD,,Common,Steel Dynamics,US,,USD,USD,USD,US-GAAP,Materials,,,Steel,Materials,,,,,,,,,1022671.0,,,,No,Yes,Yes,No,No,Yes,Wikipedia 'List of S&P 500 companies' (2026-08-20); validated vs user SPY Holdings.xlsx,2026-08-20,"HQ: Fort Wayne, Indiana; added 2022-12-22"
2026-08-20,STE,STE,STE,,Common,Steris,US,,USD,USD,USD,US-GAAP,Health Care,,,Health Care Equipment,Medical_Devices_Services,,,,,,,,,1757898.0,,,,No,Yes,Yes,No,No,Yes,Wikipedia 'List of S&P 500 companies' (2026-08-20); validated vs user SPY Holdings.xlsx,2026-08-20,"HQ: Dublin, Ireland; added 2019-12-23"
2026-08-20,SYK,SYK,SYK,,Common,Stryker Corporation,US,,USD,USD,USD,US-GAAP,Health Care,,,Health Care Equipment,Medical_Devices_Services,,,,,,,,,310764.0,,,,No,Yes,Yes,No,No,Yes,Wikipedia 'List of S&P 500 companies' (2026-08-20); validated vs user SPY Holdings.xlsx,2026-08-20,"HQ: Kalamazoo, Michigan; added 2000-12-12"
2026-08-20,SMCI,SMCI,SMCI,,Common,Supermicro,US,,USD,USD,USD,US-GAAP,Information Technology,,,"Technology Hardware, Storage & Peripherals",Tech,,,,,,,,,1375365.0,,,,No,Yes,Yes,No,No,Yes,Wikipedia 'List of S&P 500 companies' (2026-08-20); validated vs user SPY Holdings.xlsx,2026-08-20,"HQ: San Jose, California; added 2024-03-18"
2026-08-20,SYF,SYF,SYF,,Common,Synchrony Financial,US,,USD,USD,USD,US-GAAP,Financials,,,Consumer Finance,Credit_Services,,,,,,,,,1601712.0,,,,No,Yes,Yes,No,No,No,Wikipedia 'List of S&P 500 companies' (2026-08-20); validated vs user SPY Holdings.xlsx,2026-08-20,"HQ: Stamford, Connecticut; added 2015-11-18"
2026-08-20,SNPS,SNPS,SNPS,,Common,Synopsys,US,,USD,USD,USD,US-GAAP,Information Technology,,,Application Software,Software,,,,,,,,,883241.0,,,,No,Yes,Yes,No,No,Yes,Wikipedia 'List of S&P 500 companies' (2026-08-20); validated vs user SPY Holdings.xlsx,2026-08-20,"HQ: Sunnyvale, California; added 2017-03-16"
2026-08-20,SYY,SYY,SYY,,Common,Sysco,US,,USD,USD,USD,US-GAAP,Consumer Staples,,,Food Distributors,Consumer_Goods,,,,,,,,,96021.0,,,,No,Yes,Yes,No,No,No,Wikipedia 'List of S&P 500 companies' (2026-08-20); validated vs user SPY Holdings.xlsx,2026-08-20,"HQ: Houston, Texas; added 1986-12-31"
2026-08-20,TMUS,TMUS,TMUS,,Common,T-Mobile US,US,,USD,USD,USD,US-GAAP,Communication Services,,,Wireless Telecommunication Services,Telecom,,,,,,,,,1283699.0,,,,No,Yes,Yes,No,No,No,Wikipedia 'List of S&P 500 companies' (2026-08-20); validated vs user SPY Holdings.xlsx,2026-08-20,"HQ: Bellevue, Washington; added 2019-07-15"
2026-08-20,TROW,TROW,TROW,,Common,T. Rowe Price,US,,USD,USD,USD,US-GAAP,Financials,,,Asset Management & Custody Banks,Banks,,,,,,,,,1113169.0,,,,No,Yes,Yes,No,No,No,Wikipedia 'List of S&P 500 companies' (2026-08-20); validated vs user SPY Holdings.xlsx,2026-08-20,"HQ: Baltimore, Maryland; added 2019-07-29"
2026-08-20,TEL,TEL,TEL,,Common,TE Connectivity,US,,USD,USD,USD,US-GAAP,Information Technology,,,Electronic Manufacturing Services,Tech,,,,,,,,,1385157.0,,,,No,Yes,Yes,No,No,Yes,Wikipedia 'List of S&P 500 companies' (2026-08-20); validated vs user SPY Holdings.xlsx,2026-08-20,"HQ: Galway, Ireland; added 2011-10-17"
2026-08-20,TJX,TJX,TJX,,Common,TJX Companies,US,,USD,USD,USD,US-GAAP,Consumer Discretionary,,,Apparel Retail,Retail,,,,,,,,,109198.0,,,,No,Yes,Yes,No,No,Yes,Wikipedia 'List of S&P 500 companies' (2026-08-20); validated vs user SPY Holdings.xlsx,2026-08-20,"HQ: Framingham, Massachusetts; added 1985-09-30"
2026-08-20,TKO,TKO,TKO,,Common,TKO Group Holdings,US,,USD,USD,USD,US-GAAP,Communication Services,,,Movies & Entertainment,Streaming_Entertainment,,,,,,,,,1973266.0,,,,No,Yes,Yes,No,No,No,Wikipedia 'List of S&P 500 companies' (2026-08-20); validated vs user SPY Holdings.xlsx,2026-08-20,"HQ: New York City, New York; added 2025-03-24"
2026-08-20,TTWO,TTWO,TTWO,,Common,Take-Two Interactive,US,,USD,USD,USD,US-GAAP,Communication Services,,,Interactive Home Entertainment,Internet_Platforms,,,,,,,,,946581.0,,,,No,Yes,Yes,No,No,No,Wikipedia 'List of S&P 500 companies' (2026-08-20); validated vs user SPY Holdings.xlsx,2026-08-20,"HQ: New York City, New York; added 2018-03-19"
2026-08-20,TPR,TPR,TPR,,Common,"Tapestry, Inc.",US,,USD,USD,USD,US-GAAP,Consumer Discretionary,,,"Apparel, Accessories & Luxury Goods",Consumer_Cyclical,,,,,,,,,1116132.0,,,,No,Yes,Yes,No,No,Yes,Wikipedia 'List of S&P 500 companies' (2026-08-20); validated vs user SPY Holdings.xlsx,2026-08-20,"HQ: New York City, New York; added 2004-09-01"
2026-08-20,TRGP,TRGP,TRGP,,Common,Targa Resources,US,,USD,USD,USD,US-GAAP,Energy,,,Oil & Gas Storage & Transportation,Pipelines_Midstream,,,,,,,,,1389170.0,,,,No,Yes,Yes,No,No,No,Wikipedia 'List of S&P 500 companies' (2026-08-20); validated vs user SPY Holdings.xlsx,2026-08-20,"HQ: Houston, Texas; added 2022-10-12"
2026-08-20,TGT,TGT,TGT,,Common,Target Corporation,US,,USD,USD,USD,US-GAAP,Consumer Staples,,,Consumer Staples Merchandise Retail,Consumer_Defensive,,,,,,,,,27419.0,,,,No,Yes,Yes,No,No,Yes,Wikipedia 'List of S&P 500 companies' (2026-08-20); validated vs user SPY Holdings.xlsx,2026-08-20,"HQ: Minneapolis, Minnesota; added 1976-12-31"
2026-08-20,TDY,TDY,TDY,,Common,Teledyne Technologies,US,,USD,USD,USD,US-GAAP,Information Technology,,,Electronic Equipment & Instruments,Tech,,,,,,,,,1094285.0,,,,No,Yes,Yes,No,No,No,Wikipedia 'List of S&P 500 companies' (2026-08-20); validated vs user SPY Holdings.xlsx,2026-08-20,"HQ: Thousand Oaks, California; added 2020-06-22"
2026-08-20,TER,TER,TER,,Common,Teradyne,US,,USD,USD,USD,US-GAAP,Information Technology,,,Semiconductor Materials & Equipment,Semiconductors_Components,,,,,,,,,97210.0,,,,No,Yes,Yes,No,No,Yes,Wikipedia 'List of S&P 500 companies' (2026-08-20); validated vs user SPY Holdings.xlsx,2026-08-20,"HQ: North Reading, Massachusetts; added 2020-09-21"
2026-08-20,TSLA,TSLA,TSLA,,Common,"Tesla, Inc.",US,,USD,USD,USD,US-GAAP,Consumer Discretionary,,,Automobile Manufacturers,Autos,,,,,,,,,1318605.0,,,,No,Yes,Yes,No,No,Yes,Wikipedia 'List of S&P 500 companies' (2026-08-20); validated vs user SPY Holdings.xlsx,2026-08-20,"HQ: Austin, Texas; added 2020-12-21"
2026-08-20,TXN,TXN,TXN,,Common,Texas Instruments,US,,USD,USD,USD,US-GAAP,Information Technology,,,Semiconductors,Semiconductors_Components,,,,,,,,,97476.0,,,,No,Yes,Yes,No,No,Yes,Wikipedia 'List of S&P 500 companies' (2026-08-20); validated vs user SPY Holdings.xlsx,2026-08-20,"HQ: Dallas, Texas; added 2001-03-12"
2026-08-20,TPL,TPL,TPL,,Common,Texas Pacific Land Corporation,US,,USD,USD,USD,US-GAAP,Energy,,,Oil & Gas Exploration & Production,Oil_Gas_Producers,,,,,,,,,1811074.0,,,,No,Yes,Yes,No,No,Yes,Wikipedia 'List of S&P 500 companies' (2026-08-20); validated vs user SPY Holdings.xlsx,2026-08-20,"HQ: Dallas, Texas; added 2024-11-26"
2026-08-20,TXT,TXT,TXT,,Common,Textron,US,,USD,USD,USD,US-GAAP,Industrials,,,Aerospace & Defense,Industrials,,,,,,,,,217346.0,,,,No,Yes,Yes,No,No,No,Wikipedia 'List of S&P 500 companies' (2026-08-20); validated vs user SPY Holdings.xlsx,2026-08-20,"HQ: Providence, Rhode Island; added 1978-12-31"
2026-08-20,TMO,TMO,TMO,,Common,Thermo Fisher Scientific,US,,USD,USD,USD,US-GAAP,Health Care,,,Life Sciences Tools & Services,Medical_Devices_Services,,,,,,,,,97745.0,,,,No,Yes,Yes,No,No,Yes,Wikipedia 'List of S&P 500 companies' (2026-08-20); validated vs user SPY Holdings.xlsx,2026-08-20,"HQ: Waltham, Massachusetts; added 2004-08-03"
2026-08-20,TSCO,TSCO,TSCO,,Common,Tractor Supply,US,,USD,USD,USD,US-GAAP,Consumer Discretionary,,,Other Specialty Retail,Retail,,,,,,,,,916365.0,,,,No,Yes,Yes,No,No,Yes,Wikipedia 'List of S&P 500 companies' (2026-08-20); validated vs user SPY Holdings.xlsx,2026-08-20,"HQ: Brentwood, Tennessee; added 2014-01-24"
2026-08-20,TTD,TTD,TTD,,Common,Trade Desk (The),US,,USD,USD,USD,US-GAAP,Communication Services,,,Advertising,Streaming_Entertainment,,,,,,,,,1671933.0,,,,No,Yes,Yes,No,No,Yes,Wikipedia 'List of S&P 500 companies' (2026-08-20); validated vs user SPY Holdings.xlsx,2026-08-20,"HQ: Ventura, California; added 2025-07-18"
2026-08-20,TT,TT,TT,,Common,Trane Technologies,US,,USD,USD,USD,US-GAAP,Industrials,,,Building Products,Industrials,,,,,,,,,1466258.0,,,,No,Yes,Yes,No,No,Yes,Wikipedia 'List of S&P 500 companies' (2026-08-20); validated vs user SPY Holdings.xlsx,2026-08-20,"HQ: Dublin, Ireland; added 2010-11-17"
2026-08-20,TDG,TDG,TDG,,Common,TransDigm Group,US,,USD,USD,USD,US-GAAP,Industrials,,,Aerospace & Defense,Industrials,,,,,,,,,1260221.0,,,,No,Yes,Yes,No,No,No,Wikipedia 'List of S&P 500 companies' (2026-08-20); validated vs user SPY Holdings.xlsx,2026-08-20,"HQ: Cleveland, Ohio; added 2016-06-03"
2026-08-20,TRV,TRV,TRV,,Common,Travelers Companies (The),US,,USD,USD,USD,US-GAAP,Financials,,,Property & Casualty Insurance,Insurance,,,,,,,,,86312.0,,,,No,Yes,Yes,No,No,No,Wikipedia 'List of S&P 500 companies' (2026-08-20); validated vs user SPY Holdings.xlsx,2026-08-20,"HQ: New York City, New York; added 2002-08-21"
2026-08-20,TRMB,TRMB,TRMB,,Common,Trimble Inc.,US,,USD,USD,USD,US-GAAP,Information Technology,,,Application Software,Software,,,,,,,,,864749.0,,,,No,Yes,Yes,No,No,Yes,Wikipedia 'List of S&P 500 companies' (2026-08-20); validated vs user SPY Holdings.xlsx,2026-08-20,"HQ: Westminster, Colorado; added 2021-01-21"
2026-08-20,TFC,TFC,TFC,,Common,Truist Financial,US,,USD,USD,USD,US-GAAP,Financials,,,Diversified Banks,Banks,,,,,,,,,92230.0,,,,No,Yes,Yes,No,No,No,Wikipedia 'List of S&P 500 companies' (2026-08-20); validated vs user SPY Holdings.xlsx,2026-08-20,"HQ: Charlotte, North Carolina; added 1997-12-04"
2026-08-20,TYL,TYL,TYL,,Common,Tyler Technologies,US,,USD,USD,USD,US-GAAP,Information Technology,,,Application Software,Software,,,,,,,,,860731.0,,,,No,Yes,Yes,No,No,Yes,Wikipedia 'List of S&P 500 companies' (2026-08-20); validated vs user SPY Holdings.xlsx,2026-08-20,"HQ: Plano, Texas; added 2020-06-22"
2026-08-20,TSN,TSN,TSN,,Common,Tyson Foods,US,,USD,USD,USD,US-GAAP,Consumer Staples,,,Packaged Foods & Meats,Consumer_Goods,,,,,,,,,100493.0,,,,No,Yes,Yes,No,No,No,Wikipedia 'List of S&P 500 companies' (2026-08-20); validated vs user SPY Holdings.xlsx,2026-08-20,"HQ: Springdale, Arkansas; added 2005-08-10"
2026-08-20,USB,USB,USB,,Common,U.S. Bancorp,US,,USD,USD,USD,US-GAAP,Financials,,,Diversified Banks,Banks,,,,,,,,,36104.0,,,,No,Yes,Yes,No,No,No,Wikipedia 'List of S&P 500 companies' (2026-08-20); validated vs user SPY Holdings.xlsx,2026-08-20,"HQ: Minneapolis, Minnesota; added 1999-11-01"
2026-08-20,UDR,UDR,UDR,,Common,"UDR, Inc.",US,,USD,USD,USD,US-GAAP,Real Estate,,,Multi-Family Residential REITs,Real_Estate,,,,,,,,,74208.0,,,,No,Yes,Yes,No,No,No,Wikipedia 'List of S&P 500 companies' (2026-08-20); validated vs user SPY Holdings.xlsx,2026-08-20,"HQ: Highlands Ranch, Colorado; added 2016-03-07"
2026-08-20,UBER,UBER,UBER,,Common,Uber,US,,USD,USD,USD,US-GAAP,Industrials,,,Passenger Ground Transportation,Industrials,,,,,,,,,1543151.0,,,,No,Yes,Yes,No,No,Yes,Wikipedia 'List of S&P 500 companies' (2026-08-20); validated vs user SPY Holdings.xlsx,2026-08-20,"HQ: San Francisco, California; added 2023-12-18"
2026-08-20,ULTA,ULTA,ULTA,,Common,Ulta Beauty,US,,USD,USD,USD,US-GAAP,Consumer Discretionary,,,Other Specialty Retail,Retail,,,,,,,,,1403568.0,,,,No,Yes,Yes,No,No,Yes,Wikipedia 'List of S&P 500 companies' (2026-08-20); validated vs user SPY Holdings.xlsx,2026-08-20,"HQ: Bolingbrook, Illinois; added 2016-04-18"
2026-08-20,UNP,UNP,UNP,,Common,Union Pacific Corporation,US,,USD,USD,USD,US-GAAP,Industrials,,,Rail Transportation,Railroads,,,,,,,,,100885.0,,,,No,Yes,Yes,No,No,Yes,Wikipedia 'List of S&P 500 companies' (2026-08-20); validated vs user SPY Holdings.xlsx,2026-08-20,"HQ: Omaha, Nebraska; added 1957-03-04"
2026-08-20,UAL,UAL,UAL,,Common,United Airlines Holdings,US,,USD,USD,USD,US-GAAP,Industrials,,,Passenger Airlines,Airlines,,,,,,,,,100517.0,,,,No,Yes,Yes,No,No,No,Wikipedia 'List of S&P 500 companies' (2026-08-20); validated vs user SPY Holdings.xlsx,2026-08-20,"HQ: Chicago, Illinois; added 2015-09-03"
2026-08-20,UPS,UPS,UPS,,Common,United Parcel Service,US,,USD,USD,USD,US-GAAP,Industrials,,,Air Freight & Logistics,Industrials,,,,,,,,,1090727.0,,,,No,Yes,Yes,No,No,Yes,Wikipedia 'List of S&P 500 companies' (2026-08-20); validated vs user SPY Holdings.xlsx,2026-08-20,"HQ: Sandy Springs, Georgia; added 2002-07-22"
2026-08-20,URI,URI,URI,,Common,United Rentals,US,,USD,USD,USD,US-GAAP,Industrials,,,Trading Companies & Distributors,Industrials,,,,,,,,,1067701.0,,,,No,Yes,Yes,No,No,Yes,Wikipedia 'List of S&P 500 companies' (2026-08-20); validated vs user SPY Holdings.xlsx,2026-08-20,"HQ: Stamford, Connecticut; added 2014-09-20"
2026-08-20,UNH,UNH,UNH,,Common,UnitedHealth Group,US,,USD,USD,USD,US-GAAP,Health Care,,,Managed Health Care,Medical_Devices_Services,,,,,,,,,731766.0,,,,No,Yes,Yes,No,No,No,Wikipedia 'List of S&P 500 companies' (2026-08-20); validated vs user SPY Holdings.xlsx,2026-08-20,"HQ: Eden Prairie, Minnesota; added 1994-07-01"
2026-08-20,UHS,UHS,UHS,,Common,Universal Health Services,US,,USD,USD,USD,US-GAAP,Health Care,,,Health Care Facilities,Medical_Devices_Services,,,,,,,,,352915.0,,,,No,Yes,Yes,No,No,No,Wikipedia 'List of S&P 500 companies' (2026-08-20); validated vs user SPY Holdings.xlsx,2026-08-20,"HQ: King of Prussia, Pennsylvania; added 2014-09-20"
2026-08-20,VLO,VLO,VLO,,Common,Valero Energy,US,,USD,USD,USD,US-GAAP,Energy,,,Oil & Gas Refining & Marketing,Oil_Gas_Producers,,,,,,,,,1035002.0,,,,No,Yes,Yes,No,No,No,Wikipedia 'List of S&P 500 companies' (2026-08-20); validated vs user SPY Holdings.xlsx,2026-08-20,"HQ: San Antonio, Texas; added 2002-12-20"
2026-08-20,VEEV,VEEV,VEEV,,Common,Veeva Systems,US,,USD,USD,USD,US-GAAP,Health Care,,,Health Care Technology,Medical_Devices_Services,,,,,,,,,1393052.0,,,,No,Yes,Yes,No,No,No,Wikipedia 'List of S&P 500 companies' (2026-08-20); validated vs user SPY Holdings.xlsx,2026-08-20,"HQ: Pleasanton, California; added 2026-05-07"
2026-08-20,VTR,VTR,VTR,,Common,Ventas,US,,USD,USD,USD,US-GAAP,Real Estate,,,Health Care REITs,Real_Estate,,,,,,,,,740260.0,,,,No,Yes,Yes,No,No,No,Wikipedia 'List of S&P 500 companies' (2026-08-20); validated vs user SPY Holdings.xlsx,2026-08-20,"HQ: Chicago, Illinois; added 2009-03-04"
2026-08-20,VLTO,VLTO,VLTO,,Common,Veralto,US,,USD,USD,USD,US-GAAP,Industrials,,,Environmental & Facilities Services,Industrials,,,,,,,,,1967680.0,,,,No,Yes,Yes,No,No,Yes,Wikipedia 'List of S&P 500 companies' (2026-08-20); validated vs user SPY Holdings.xlsx,2026-08-20,"HQ: Waltham, Massachusetts; added 2023-10-02"
2026-08-20,VRSN,VRSN,VRSN,,Common,Verisign,US,,USD,USD,USD,US-GAAP,Information Technology,,,Internet Services & Infrastructure,Tech,,,,,,,,,1014473.0,,,,No,Yes,Yes,No,No,Yes,Wikipedia 'List of S&P 500 companies' (2026-08-20); validated vs user SPY Holdings.xlsx,2026-08-20,"HQ: Reston, Virginia; added 2006-02-01"
2026-08-20,VRSK,VRSK,VRSK,,Common,Verisk Analytics,US,,USD,USD,USD,US-GAAP,Industrials,,,Research & Consulting Services,Industrials,,,,,,,,,1442145.0,,,,No,Yes,Yes,No,No,No,Wikipedia 'List of S&P 500 companies' (2026-08-20); validated vs user SPY Holdings.xlsx,2026-08-20,"HQ: Jersey City, New Jersey; added 2015-10-08"
2026-08-20,VZ,VZ,VZ,,Common,Verizon,US,,USD,USD,USD,US-GAAP,Communication Services,,,Integrated Telecommunication Services,Telecom,,,,,,,,,732712.0,,,,No,Yes,Yes,No,No,No,Wikipedia 'List of S&P 500 companies' (2026-08-20); validated vs user SPY Holdings.xlsx,2026-08-20,"HQ: New York City, New York; added 1983-11-30"
2026-08-20,VRTX,VRTX,VRTX,,Common,Vertex Pharmaceuticals,US,,USD,USD,USD,US-GAAP,Health Care,,,Biotechnology,Biotech,,,,,,,,,875320.0,,,,No,Yes,Yes,No,No,Yes,Wikipedia 'List of S&P 500 companies' (2026-08-20); validated vs user SPY Holdings.xlsx,2026-08-20,"HQ: Boston, Massachusetts; added 2013-09-23"
2026-08-20,VRT,VRT,VRT,,Common,Vertiv,US,,USD,USD,USD,US-GAAP,Industrials,,,Electrical Components & Equipment,Industrials,,,,,,,,,1674101.0,,,,No,Yes,Yes,No,No,Yes,Wikipedia 'List of S&P 500 companies' (2026-08-20); validated vs user SPY Holdings.xlsx,2026-08-20,"HQ: Westerville, Ohio; added 2026-03-23"
2026-08-20,VTRS,VTRS,VTRS,,Common,Viatris,US,,USD,USD,USD,US-GAAP,Health Care,,,Pharmaceuticals,Pharma,,,,,,,,,1792044.0,,,,No,Yes,Yes,No,No,No,Wikipedia 'List of S&P 500 companies' (2026-08-20); validated vs user SPY Holdings.xlsx,2026-08-20,"HQ: Pittsburgh, Pennsylvania; added 2004-04-23"
2026-08-20,VICI,VICI,VICI,,Common,Vici Properties,US,,USD,USD,USD,US-GAAP,Real Estate,,,Hotel & Resort REITs,Real_Estate,,,,,,,,,1705696.0,,,,No,Yes,Yes,No,No,No,Wikipedia 'List of S&P 500 companies' (2026-08-20); validated vs user SPY Holdings.xlsx,2026-08-20,"HQ: New York City, New York; added 2022-06-08"
2026-08-20,V,V,V,,Common,Visa Inc.,US,,USD,USD,USD,US-GAAP,Financials,,,Transaction & Payment Processing Services,Financials,,,,,,,,,1403161.0,,,,No,Yes,Yes,No,No,No,Wikipedia 'List of S&P 500 companies' (2026-08-20); validated vs user SPY Holdings.xlsx,2026-08-20,"HQ: San Francisco, California; added 2009-12-21"
2026-08-20,VST,VST,VST,,Common,Vistra Corp.,US,,USD,USD,USD,US-GAAP,Utilities,,,Electric Utilities,Utilities_Regulated,,,,,,,,,1692819.0,,,,No,Yes,Yes,No,No,No,Wikipedia 'List of S&P 500 companies' (2026-08-20); validated vs user SPY Holdings.xlsx,2026-08-20,"HQ: Irving, Texas; added 2024-05-08"
2026-08-20,VMRK,VMRK,VMRK,,Common,Vivmark Residential,US,,USD,USD,USD,US-GAAP,Real Estate,,,Multi-Family Residential REITs,Real_Estate,,,,,,,,,906107.0,,,,No,Yes,Yes,No,No,No,Wikipedia 'List of S&P 500 companies' (2026-08-20); validated vs user SPY Holdings.xlsx,2026-08-20,"HQ: Chicago, Illinois; added 2001-12-03"
2026-08-20,VMC,VMC,VMC,,Common,Vulcan Materials Company,US,,USD,USD,USD,US-GAAP,Materials,,,Construction Materials,Materials,,,,,,,,,1396009.0,,,,No,Yes,Yes,No,No,Yes,Wikipedia 'List of S&P 500 companies' (2026-08-20); validated vs user SPY Holdings.xlsx,2026-08-20,"HQ: Birmingham, Alabama; added 1999-06-30"
2026-08-20,WRB,WRB,WRB,,Common,W. R. Berkley Corporation,US,,USD,USD,USD,US-GAAP,Financials,,,Property & Casualty Insurance,Insurance,,,,,,,,,11544.0,,,,No,Yes,Yes,No,No,No,Wikipedia 'List of S&P 500 companies' (2026-08-20); validated vs user SPY Holdings.xlsx,2026-08-20,"HQ: Greenwich, Connecticut; added 2019-12-05"
2026-08-20,GWW,GWW,GWW,,Common,W. W. Grainger,US,,USD,USD,USD,US-GAAP,Industrials,,,Industrial Machinery & Supplies & Components,Industrials,,,,,,,,,277135.0,,,,No,Yes,Yes,No,No,Yes,Wikipedia 'List of S&P 500 companies' (2026-08-20); validated vs user SPY Holdings.xlsx,2026-08-20,"HQ: Lake Forest, Illinois; added 1981-06-30"
2026-08-20,WEC,WEC,WEC,,Common,WEC Energy Group,US,,USD,USD,USD,US-GAAP,Utilities,,,Electric Utilities,Utilities_Regulated,,,,,,,,,783325.0,,,,No,Yes,Yes,No,No,No,Wikipedia 'List of S&P 500 companies' (2026-08-20); validated vs user SPY Holdings.xlsx,2026-08-20,"HQ: Milwaukee, Wisconsin; added 2008-10-31"
2026-08-20,WAB,WAB,WAB,,Common,Wabtec,US,,USD,USD,USD,US-GAAP,Industrials,,,Construction Machinery & Heavy Transportation Equipment,Industrials,,,,,,,,,943452.0,,,,No,Yes,Yes,No,No,Yes,Wikipedia 'List of S&P 500 companies' (2026-08-20); validated vs user SPY Holdings.xlsx,2026-08-20,"HQ: Pittsburgh, Pennsylvania; added 2019-02-27"
2026-08-20,WMT,WMT,WMT,,Common,Walmart,US,,USD,USD,USD,US-GAAP,Consumer Staples,,,Consumer Staples Merchandise Retail,Consumer_Defensive,,,,,,,,,104169.0,,,,No,Yes,Yes,No,No,No,Wikipedia 'List of S&P 500 companies' (2026-08-20); validated vs user SPY Holdings.xlsx,2026-08-20,"HQ: Bentonville, Arkansas; added 1982-08-31"
2026-08-20,DIS,DIS,DIS,,Common,Walt Disney Company (The),US,,USD,USD,USD,US-GAAP,Communication Services,,,Movies & Entertainment,Streaming_Entertainment,,,,,,,,,1744489.0,,,,No,Yes,Yes,No,No,No,Wikipedia 'List of S&P 500 companies' (2026-08-20); validated vs user SPY Holdings.xlsx,2026-08-20,"HQ: Burbank, California; added 1976-06-30"
2026-08-20,WBD,WBD,WBD,,Common,Warner Bros. Discovery,US,,USD,USD,USD,US-GAAP,Communication Services,,,Broadcasting,Streaming_Entertainment,,,,,,,,,1437107.0,,,,No,Yes,Yes,No,No,No,Wikipedia 'List of S&P 500 companies' (2026-08-20); validated vs user SPY Holdings.xlsx,2026-08-20,"HQ: New York City, New York; added 2022-04-11"
2026-08-20,WM,WM,WM,,Common,Waste Management,US,,USD,USD,USD,US-GAAP,Industrials,,,Environmental & Facilities Services,Industrials,,,,,,,,,823768.0,,,,No,Yes,Yes,No,No,Yes,Wikipedia 'List of S&P 500 companies' (2026-08-20); validated vs user SPY Holdings.xlsx,2026-08-20,"HQ: Houston, Texas; added 1998-08-31"
2026-08-20,WAT,WAT,WAT,,Common,Waters Corporation,US,,USD,USD,USD,US-GAAP,Health Care,,,Life Sciences Tools & Services,Medical_Devices_Services,,,,,,,,,1000697.0,,,,No,Yes,Yes,No,No,Yes,Wikipedia 'List of S&P 500 companies' (2026-08-20); validated vs user SPY Holdings.xlsx,2026-08-20,"HQ: Milford, Massachusetts; added 2002-01-02"
2026-08-20,WFC,WFC,WFC,,Common,Wells Fargo,US,,USD,USD,USD,US-GAAP,Financials,,,Diversified Banks,Banks,,,,,,,,,72971.0,,,,No,Yes,Yes,No,No,No,Wikipedia 'List of S&P 500 companies' (2026-08-20); validated vs user SPY Holdings.xlsx,2026-08-20,"HQ: San Francisco, California; added 1976-06-30"
2026-08-20,WELL,WELL,WELL,,Common,Welltower,US,,USD,USD,USD,US-GAAP,Real Estate,,,Health Care REITs,Real_Estate,,,,,,,,,766704.0,,,,No,Yes,Yes,No,No,Yes,Wikipedia 'List of S&P 500 companies' (2026-08-20); validated vs user SPY Holdings.xlsx,2026-08-20,"HQ: Toledo, Ohio; added 2009-01-30"
2026-08-20,WST,WST,WST,,Common,West Pharmaceutical Services,US,,USD,USD,USD,US-GAAP,Health Care,,,Health Care Supplies,Medical_Devices_Services,,,,,,,,,105770.0,,,,No,Yes,Yes,No,No,Yes,Wikipedia 'List of S&P 500 companies' (2026-08-20); validated vs user SPY Holdings.xlsx,2026-08-20,"HQ: Exton, Pennsylvania; added 2020-05-22"
2026-08-20,WDC,WDC,WDC,,Common,Western Digital,US,,USD,USD,USD,US-GAAP,Information Technology,,,"Technology Hardware, Storage & Peripherals",Tech,,,,,,,,,106040.0,,,,No,Yes,Yes,No,No,No,Wikipedia 'List of S&P 500 companies' (2026-08-20); validated vs user SPY Holdings.xlsx,2026-08-20,"HQ: San Jose, California; added 2009-07-01"
2026-08-20,WY,WY,WY,,Common,Weyerhaeuser,US,,USD,USD,USD,US-GAAP,Real Estate,,,Timber REITs,Real_Estate,,,,,,,,,106535.0,,,,No,Yes,Yes,No,No,Yes,Wikipedia 'List of S&P 500 companies' (2026-08-20); validated vs user SPY Holdings.xlsx,2026-08-20,"HQ: Seattle, Washington; added 1979-10-01"
2026-08-20,WMB,WMB,WMB,,Common,Williams Companies,US,,USD,USD,USD,US-GAAP,Energy,,,Oil & Gas Storage & Transportation,Pipelines_Midstream,,,,,,,,,107263.0,,,,No,Yes,Yes,No,No,No,Wikipedia 'List of S&P 500 companies' (2026-08-20); validated vs user SPY Holdings.xlsx,2026-08-20,"HQ: Tulsa, Oklahoma; added 1975-03-31"
2026-08-20,WSM,WSM,WSM,,Common,"Williams-Sonoma, Inc.",US,,USD,USD,USD,US-GAAP,Consumer Discretionary,,,Homefurnishing Retail,Retail,,,,,,,,,719955.0,,,,No,Yes,Yes,No,No,Yes,Wikipedia 'List of S&P 500 companies' (2026-08-20); validated vs user SPY Holdings.xlsx,2026-08-20,"HQ: San Francisco, California; added 2025-03-24"
2026-08-20,WTW,WTW,WTW,,Common,Willis Towers Watson,US,,USD,USD,USD,US-GAAP,Financials,,,Insurance Brokers,Insurance,,,,,,,,,1140536.0,,,,No,Yes,Yes,No,No,No,Wikipedia 'List of S&P 500 companies' (2026-08-20); validated vs user SPY Holdings.xlsx,2026-08-20,"HQ: London, United Kingdom; added 2016-01-05"
2026-08-20,WDAY,WDAY,WDAY,,Common,"Workday, Inc.",US,,USD,USD,USD,US-GAAP,Information Technology,,,Application Software,Software,,,,,,,,,1327811.0,,,,No,Yes,Yes,No,No,Yes,Wikipedia 'List of S&P 500 companies' (2026-08-20); validated vs user SPY Holdings.xlsx,2026-08-20,"HQ: Pleasanton, California; added 2024-12-23"
2026-08-20,WYNN,WYNN,WYNN,,Common,Wynn Resorts,US,,USD,USD,USD,US-GAAP,Consumer Discretionary,,,Casinos & Gaming,Consumer_Cyclical,,,,,,,,,1174922.0,,,,No,Yes,Yes,No,No,No,Wikipedia 'List of S&P 500 companies' (2026-08-20); validated vs user SPY Holdings.xlsx,2026-08-20,"HQ: Paradise, Nevada; added 2008-11-14"
2026-08-20,XEL,XEL,XEL,,Common,Xcel Energy,US,,USD,USD,USD,US-GAAP,Utilities,,,Multi-Utilities,Utilities_Regulated,,,,,,,,,72903.0,,,,No,Yes,Yes,No,No,No,Wikipedia 'List of S&P 500 companies' (2026-08-20); validated vs user SPY Holdings.xlsx,2026-08-20,"HQ: Minneapolis, Minnesota; added 1957-03-04"
2026-08-20,XYL,XYL,XYL,,Common,Xylem Inc.,US,,USD,USD,USD,US-GAAP,Industrials,,,Industrial Machinery & Supplies & Components,Industrials,,,,,,,,,1524472.0,,,,No,Yes,Yes,No,No,Yes,Wikipedia 'List of S&P 500 companies' (2026-08-20); validated vs user SPY Holdings.xlsx,2026-08-20,"HQ: White Plains, New York; added 2011-11-01"
2026-08-20,YUM,YUM,YUM,,Common,Yum! Brands,US,,USD,USD,USD,US-GAAP,Consumer Discretionary,,,Restaurants,Fast_Food_Restaurants,,,,,,,,,1041061.0,,,,No,Yes,Yes,No,No,No,Wikipedia 'List of S&P 500 companies' (2026-08-20); validated vs user SPY Holdings.xlsx,2026-08-20,"HQ: Louisville, Kentucky; added 1997-10-06"
2026-08-20,ZBRA,ZBRA,ZBRA,,Common,Zebra Technologies,US,,USD,USD,USD,US-GAAP,Information Technology,,,Electronic Equipment & Instruments,Tech,,,,,,,,,877212.0,,,,No,Yes,Yes,No,No,Yes,Wikipedia 'List of S&P 500 companies' (2026-08-20); validated vs user SPY Holdings.xlsx,2026-08-20,"HQ: Lincolnshire, Illinois; added 2019-12-23"
2026-08-20,ZBH,ZBH,ZBH,,Common,Zimmer Biomet,US,,USD,USD,USD,US-GAAP,Health Care,,,Health Care Equipment,Medical_Devices_Services,,,,,,,,,1136869.0,,,,No,Yes,Yes,No,No,No,Wikipedia 'List of S&P 500 companies' (2026-08-20); validated vs user SPY Holdings.xlsx,2026-08-20,"HQ: Warsaw, Indiana; added 2001-08-07"
2026-08-20,ZTS,ZTS,ZTS,,Common,Zoetis,US,,USD,USD,USD,US-GAAP,Health Care,,,Pharmaceuticals,Pharma,,,,,,,,,1555280.0,,,,No,Yes,Yes,No,No,No,Wikipedia 'List of S&P 500 companies' (2026-08-20); validated vs user SPY Holdings.xlsx,2026-08-20,"HQ: Parsippany, New Jersey; added 2013-06-21"
2026-08-20,EBAY,EBAY,EBAY,,Common,eBay Inc.,US,,USD,USD,USD,US-GAAP,Consumer Discretionary,,,Broadline Retail,Retail,,,,,,,,,1065088.0,,,,No,Yes,Yes,No,No,Yes,Wikipedia 'List of S&P 500 companies' (2026-08-20); validated vs user SPY Holdings.xlsx,2026-08-20,"HQ: San Jose, California; added 2002-07-22"
2026-08-20,VNP,VNP.TO,VNP.TO,,Common,5N Plus Inc.,CA,TSX,CAD,CAD,CAD,IFRS,Materials,,Chemicals,,Materials,,,,,,,,,,,,,,Yes,No,Yes,No,No,Wikipedia 'S&P/TSX Composite Index' (2026-08-20); TSX60 from 'S&P/TSX 60' (2026-01-31),2026-08-20,
2026-08-20,ABRA,ABRA.TO,ABRA.TO,,Common,AbraSilver Resource Corp.,CA,TSX,CAD,CAD,CAD,IFRS,Materials,,Metals & Mining,,Materials,,,,,,,,,,,,,,Yes,No,Yes,No,No,Wikipedia 'S&P/TSX Composite Index' (2026-08-20); TSX60 from 'S&P/TSX 60' (2026-01-31),2026-08-20,
2026-08-20,AAV,AAV.TO,AAV.TO,,Common,Advantage Energy Ltd.,CA,TSX,CAD,CAD,CAD,IFRS,Energy,,Oil & Gas Exploration and Production,,Oil_Gas_Producers,,,,,,,,,,,,,,Yes,No,Yes,No,No,Wikipedia 'S&P/TSX Composite Index' (2026-08-20); TSX60 from 'S&P/TSX 60' (2026-01-31),2026-08-20,
2026-08-20,ARE,ARE.TO,ARE.TO,,Common,Aecon Group Inc.,CA,TSX,CAD,CAD,CAD,IFRS,Industrials,,Construction & Engineering,,Industrials,,,,,,,,,,,,,,Yes,No,Yes,No,No,Wikipedia 'S&P/TSX Composite Index' (2026-08-20); TSX60 from 'S&P/TSX 60' (2026-01-31),2026-08-20,
2026-08-20,AEM,AEM.TO,AEM.TO,,Common,Agnico Eagle Mines Limited,CA,TSX,CAD,CAD,CAD,IFRS,Materials,,Metals & Mining,,Materials,,,,,,,,,,,,,,Yes,No,Yes,Yes,No,Wikipedia 'S&P/TSX Composite Index' (2026-08-20); TSX60 from 'S&P/TSX 60' (2026-01-31),2026-08-20,
2026-08-20,AC,AC.TO,AC.TO,,Common,Air Canada,CA,TSX,CAD,CAD,CAD,IFRS,Industrials,,Transportation,,Airlines,,,,,,,,,,,,,,Yes,No,Yes,No,No,Wikipedia 'S&P/TSX Composite Index' (2026-08-20); TSX60 from 'S&P/TSX 60' (2026-01-31),2026-08-20,
2026-08-20,AGI,AGI.TO,AGI.TO,,Common,Alamos Gold Inc.,CA,TSX,CAD,CAD,CAD,IFRS,Materials,,Metals & Mining,,Materials,,,,,,,,,,,,,,Yes,No,Yes,No,No,Wikipedia 'S&P/TSX Composite Index' (2026-08-20); TSX60 from 'S&P/TSX 60' (2026-01-31),2026-08-20,
2026-08-20,AQN,AQN.TO,AQN.TO,,Common,Algonquin Power & Utilities Corp.,CA,TSX,CAD,CAD,CAD,IFRS,Utilities,,Regulated Utilities,,Utilities_Regulated,,,,,,,,,,,,,,Yes,No,Yes,No,No,Wikipedia 'S&P/TSX Composite Index' (2026-08-20); TSX60 from 'S&P/TSX 60' (2026-01-31),2026-08-20,
2026-08-20,ATD,ATD.TO,ATD.TO,,Common,Alimentation Couche-Tard Inc.,CA,TSX,CAD,CAD,CAD,IFRS,Consumer Discretionary,,Specialty Retail,,Retail,,,,,,,,,,,,,,Yes,No,Yes,Yes,No,Wikipedia 'S&P/TSX Composite Index' (2026-08-20); TSX60 from 'S&P/TSX 60' (2026-01-31),2026-08-20,
2026-08-20,AAUC,AAUC.TO,AAUC.TO,,Common,Allied Gold Corporation,CA,TSX,CAD,CAD,CAD,IFRS,Materials,,Metals & Mining,,Materials,,,,,,,,,,,,,,Yes,No,Yes,No,No,Wikipedia 'S&P/TSX Composite Index' (2026-08-20); TSX60 from 'S&P/TSX 60' (2026-01-31),2026-08-20,
2026-08-20,AP.UN,AP-UN.TO,AP-UN.TO,,Unit (REIT),Allied Properties Real Estate Investment Trust,CA,TSX,CAD,CAD,CAD,IFRS,Real Estate,,REITs,,Real_Estate,,,,,,,,,,,,,,Yes,No,Yes,No,No,Wikipedia 'S&P/TSX Composite Index' (2026-08-20); TSX60 from 'S&P/TSX 60' (2026-01-31),2026-08-20,
2026-08-20,ALA,ALA.TO,ALA.TO,,Common,AltaGas Ltd.,CA,TSX,CAD,CAD,CAD,IFRS,Energy,,Oil & Gas Storage/Transport,,Oil_Gas_Producers,,,,,,,,,,,,,,Yes,No,Yes,No,No,Wikipedia 'S&P/TSX Composite Index' (2026-08-20); TSX60 from 'S&P/TSX 60' (2026-01-31),2026-08-20,
2026-08-20,AIF,AIF.TO,AIF.TO,,Common,Altus Group Limited,CA,TSX,CAD,CAD,CAD,IFRS,Real Estate,,Real Estate,,Real_Estate,,,,,,,,,,,,,,Yes,No,Yes,No,No,Wikipedia 'S&P/TSX Composite Index' (2026-08-20); TSX60 from 'S&P/TSX 60' (2026-01-31),2026-08-20,
2026-08-20,USA,USA.TO,USA.TO,,Common,Americas Gold And Silver Corporation,CA,TSX,CAD,CAD,CAD,IFRS,Materials,,Metals & Mining,,Materials,,,,,,,,,,,,,,Yes,No,Yes,No,No,Wikipedia 'S&P/TSX Composite Index' (2026-08-20); TSX60 from 'S&P/TSX 60' (2026-01-31),2026-08-20,
2026-08-20,ARX,ARX.TO,ARX.TO,,Common,ARC Resources Ltd.,CA,TSX,CAD,CAD,CAD,IFRS,Energy,,Oil & Gas Exploration and Production,,Oil_Gas_Producers,,,,,,,,,,,,,,Yes,No,Yes,No,No,Wikipedia 'S&P/TSX Composite Index' (2026-08-20); TSX60 from 'S&P/TSX 60' (2026-01-31),2026-08-20,
2026-08-20,ARIS,ARIS.TO,ARIS.TO,,Common,Aris Mining Corporation,CA,TSX,CAD,CAD,CAD,IFRS,Materials,,Metals & Mining,,Materials,,,,,,,,,,,,,,Yes,No,Yes,No,No,Wikipedia 'S&P/TSX Composite Index' (2026-08-20); TSX60 from 'S&P/TSX 60' (2026-01-31),2026-08-20,
2026-08-20,ATZ,ATZ.TO,ATZ.TO,,Common,Aritzia Inc.,CA,TSX,CAD,CAD,CAD,IFRS,Consumer Discretionary,,Specialty Retail,,Retail,,,,,,,,,,,,,,Yes,No,Yes,No,No,Wikipedia 'S&P/TSX Composite Index' (2026-08-20); TSX60 from 'S&P/TSX 60' (2026-01-31),2026-08-20,
2026-08-20,ACO.X,ACO.X.TO,ACO.X.TO,,Common,ATCO Ltd.,CA,TSX,CAD,CAD,CAD,IFRS,Utilities,,Regulated Utilities,,Utilities_Regulated,,,,,,,,,,,,,,Yes,No,Yes,No,No,Wikipedia 'S&P/TSX Composite Index' (2026-08-20); TSX60 from 'S&P/TSX 60' (2026-01-31),2026-08-20,
2026-08-20,ATH,ATH.TO,ATH.TO,,Common,Athabasca Oil Corporation,CA,TSX,CAD,CAD,CAD,IFRS,Energy,,Oil & Gas Exploration and Production,,Oil_Gas_Producers,,,,,,,,,,,,,,Yes,No,Yes,No,No,Wikipedia 'S&P/TSX Composite Index' (2026-08-20); TSX60 from 'S&P/TSX 60' (2026-01-31),2026-08-20,
2026-08-20,ATRL,ATRL.TO,ATRL.TO,,Common,AtkinsRéalis Group Inc.,CA,TSX,CAD,CAD,CAD,IFRS,Industrials,,Construction & Engineering,,Industrials,,,,,,,,,,,,,,Yes,No,Yes,No,No,Wikipedia 'S&P/TSX Composite Index' (2026-08-20); TSX60 from 'S&P/TSX 60' (2026-01-31),2026-08-20,
2026-08-20,ATS,ATS.TO,ATS.TO,,Common,ATS Corporation,CA,TSX,CAD,CAD,CAD,IFRS,Industrials,,Industrial Products,,Industrials,,,,,,,,,,,,,,Yes,No,Yes,No,No,Wikipedia 'S&P/TSX Composite Index' (2026-08-20); TSX60 from 'S&P/TSX 60' (2026-01-31),2026-08-20,
2026-08-20,ASM,ASM.TO,ASM.TO,,Common,Avino Silver & Gold Mines Ltd.,CA,TSX,CAD,CAD,CAD,IFRS,Materials,,Metals & Mining,,Materials,,,,,,,,,,,,,,Yes,No,Yes,No,No,Wikipedia 'S&P/TSX Composite Index' (2026-08-20); TSX60 from 'S&P/TSX 60' (2026-01-31),2026-08-20,
2026-08-20,AYA,AYA.TO,AYA.TO,,Common,Aya Gold & Silver Inc.,CA,TSX,CAD,CAD,CAD,IFRS,Materials,,Metals & Mining,,Materials,,,,,,,,,,,,,,Yes,No,Yes,No,No,Wikipedia 'S&P/TSX Composite Index' (2026-08-20); TSX60 from 'S&P/TSX 60' (2026-01-31),2026-08-20,
2026-08-20,BTO,BTO.TO,BTO.TO,,Common,B2Gold Corp.,CA,TSX,CAD,CAD,CAD,IFRS,Materials,,Metals & Mining,,Materials,,,,,,,,,,,,,,Yes,No,Yes,No,No,Wikipedia 'S&P/TSX Composite Index' (2026-08-20); TSX60 from 'S&P/TSX 60' (2026-01-31),2026-08-20,
2026-08-20,BDGI,BDGI.TO,BDGI.TO,,Common,Badger Infrastructure Solutions Ltd.,CA,TSX,CAD,CAD,CAD,IFRS,Industrials,,Construction & Engineering,,Industrials,,,,,,,,,,,,,,Yes,No,Yes,No,No,Wikipedia 'S&P/TSX Composite Index' (2026-08-20); TSX60 from 'S&P/TSX 60' (2026-01-31),2026-08-20,
2026-08-20,BMO,BMO.TO,BMO.TO,,Common,Bank of Montreal,CA,TSX,CAD,CAD,CAD,IFRS,Financials,,Banks,,Banks,,,,,,,,,,,,,,Yes,No,Yes,Yes,No,Wikipedia 'S&P/TSX Composite Index' (2026-08-20); TSX60 from 'S&P/TSX 60' (2026-01-31),2026-08-20,
2026-08-20,BNS,BNS.TO,BNS.TO,,Common,Bank of Nova Scotia,CA,TSX,CAD,CAD,CAD,IFRS,Financials,,Banks,,Banks,,,,,,,,,,,,,,Yes,No,Yes,Yes,No,Wikipedia 'S&P/TSX Composite Index' (2026-08-20); TSX60 from 'S&P/TSX 60' (2026-01-31),2026-08-20,
2026-08-20,ABX,ABX.TO,ABX.TO,,Common,Barrick Gold Corporation,CA,TSX,CAD,CAD,CAD,IFRS,Materials,,Metals & Mining,,Materials,,,,,,,,,,,,,,Yes,No,Yes,Yes,No,Wikipedia 'S&P/TSX Composite Index' (2026-08-20); TSX60 from 'S&P/TSX 60' (2026-01-31),2026-08-20,
2026-08-20,BHC,BHC.TO,BHC.TO,,Common,Bausch Health Companies Inc.,CA,TSX,CAD,CAD,CAD,IFRS,Health Care,,Pharmaceuticals,,Pharma,,,,,,,,,,,,,,Yes,No,Yes,No,No,Wikipedia 'S&P/TSX Composite Index' (2026-08-20); TSX60 from 'S&P/TSX 60' (2026-01-31),2026-08-20,
2026-08-20,BTE,BTE.TO,BTE.TO,,Common,Baytex Energy Corp.,CA,TSX,CAD,CAD,CAD,IFRS,Energy,,Oil & Gas Exploration and Production,,Oil_Gas_Producers,,,,,,,,,,,,,,Yes,No,Yes,No,No,Wikipedia 'S&P/TSX Composite Index' (2026-08-20); TSX60 from 'S&P/TSX 60' (2026-01-31),2026-08-20,
2026-08-20,BCE,BCE.TO,BCE.TO,,Common,BCE Inc.,CA,TSX,CAD,CAD,CAD,IFRS,Communication Services,,Telecommunication Services,,Telecom,,,,,,,,,,,,,,Yes,No,Yes,Yes,No,Wikipedia 'S&P/TSX Composite Index' (2026-08-20); TSX60 from 'S&P/TSX 60' (2026-01-31),2026-08-20,
2026-08-20,BIR,BIR.TO,BIR.TO,,Common,Birchcliff Energy Ltd.,CA,TSX,CAD,CAD,CAD,IFRS,Energy,,Oil & Gas Exploration and Production,,Oil_Gas_Producers,,,,,,,,,,,,,,Yes,No,Yes,No,No,Wikipedia 'S&P/TSX Composite Index' (2026-08-20); TSX60 from 'S&P/TSX 60' (2026-01-31),2026-08-20,
2026-08-20,BDT,BDT.TO,BDT.TO,,Common,Bird Construction Inc.,CA,TSX,CAD,CAD,CAD,IFRS,Industrials,,Construction & Engineering,,Industrials,,,,,,,,,,,,,,Yes,No,Yes,No,No,Wikipedia 'S&P/TSX Composite Index' (2026-08-20); TSX60 from 'S&P/TSX 60' (2026-01-31),2026-08-20,
2026-08-20,BB,BB.TO,BB.TO,,Common,BlackBerry Limited,CA,TSX,CAD,CAD,CAD,IFRS,Information Technology,,Software,,Software,,,,,,,,,,,,,,Yes,No,Yes,No,No,Wikipedia 'S&P/TSX Composite Index' (2026-08-20); TSX60 from 'S&P/TSX 60' (2026-01-31),2026-08-20,
2026-08-20,BEI.UN,BEI-UN.TO,BEI-UN.TO,,Unit (REIT),Boardwalk Real Estate Investment Trust,CA,TSX,CAD,CAD,CAD,IFRS,Real Estate,,REITs,,Real_Estate,,,,,,,,,,,,,,Yes,No,Yes,No,No,Wikipedia 'S&P/TSX Composite Index' (2026-08-20); TSX60 from 'S&P/TSX 60' (2026-01-31),2026-08-20,
2026-08-20,BBD.B,BBD.B.TO,BBD.B.TO,,Common,Bombardier Inc.,CA,TSX,CAD,CAD,CAD,IFRS,Industrials,,Aerospace & Defense,,Industrials,,,,,,,,,,,,,,Yes,No,Yes,No,No,Wikipedia 'S&P/TSX Composite Index' (2026-08-20); TSX60 from 'S&P/TSX 60' (2026-01-31),2026-08-20,
2026-08-20,BLX,BLX.TO,BLX.TO,,Common,Boralex Inc.,CA,TSX,CAD,CAD,CAD,IFRS,Energy,,Renewable Energy Producers,,Oil_Gas_Producers,,,,,,,,,,,,,,Yes,No,Yes,No,No,Wikipedia 'S&P/TSX Composite Index' (2026-08-20); TSX60 from 'S&P/TSX 60' (2026-01-31),2026-08-20,
2026-08-20,BYD,BYD.TO,BYD.TO,,Common,Boyd Group Services Inc.,CA,TSX,CAD,CAD,CAD,IFRS,Consumer Discretionary,,Personal Services,,Consumer_Cyclical,,,,,,,,,,,,,,Yes,No,Yes,No,No,Wikipedia 'S&P/TSX Composite Index' (2026-08-20); TSX60 from 'S&P/TSX 60' (2026-01-31),2026-08-20,
2026-08-20,BAM,BAM.TO,BAM.TO,,Common,Brookfield Asset Management Ltd.,CA,TSX,CAD,CAD,CAD,IFRS,Financials,,Asset Management,,Financials,,,,,,,,,,,,,,Yes,No,Yes,Yes,No,Wikipedia 'S&P/TSX Composite Index' (2026-08-20); TSX60 from 'S&P/TSX 60' (2026-01-31),2026-08-20,
2026-08-20,BBUC,BBUC.TO,BBUC.TO,,Common,Brookfield Business Corporation,CA,TSX,CAD,CAD,CAD,IFRS,Industrials,,Conglomerates,,Industrials,,,,,,,,,,,,,,Yes,No,Yes,No,No,Wikipedia 'S&P/TSX Composite Index' (2026-08-20); TSX60 from 'S&P/TSX 60' (2026-01-31),2026-08-20,
2026-08-20,BN,BN.TO,BN.TO,,Common,Brookfield Corporation,CA,TSX,CAD,CAD,CAD,IFRS,Financials,,Asset Management,,Financials,,,,,,,,,,,,,,Yes,No,Yes,Yes,No,Wikipedia 'S&P/TSX Composite Index' (2026-08-20); TSX60 from 'S&P/TSX 60' (2026-01-31),2026-08-20,
2026-08-20,BIP.UN,BIP-UN.TO,BIP-UN.TO,,Unit (REIT),Brookfield Infrastructure Partners L.P.,CA,TSX,CAD,CAD,CAD,IFRS,Utilities,,Regulated Utilities,,Utilities_Regulated,,,,,,,,,,,,,,Yes,No,Yes,Yes,No,Wikipedia 'S&P/TSX Composite Index' (2026-08-20); TSX60 from 'S&P/TSX 60' (2026-01-31),2026-08-20,
2026-08-20,BEP.UN,BEP-UN.TO,BEP-UN.TO,,Unit (REIT),Brookfield Renewable Partners L.P.,CA,TSX,CAD,CAD,CAD,IFRS,Energy,,Renewable Energy Producers,,Oil_Gas_Producers,,,,,,,,,,,,,,Yes,No,Yes,No,No,Wikipedia 'S&P/TSX Composite Index' (2026-08-20); TSX60 from 'S&P/TSX 60' (2026-01-31),2026-08-20,
2026-08-20,DOO,DOO.TO,DOO.TO,,Common,BRP Inc.,CA,TSX,CAD,CAD,CAD,IFRS,Consumer Discretionary,,Vehicles & Parts,,Consumer_Cyclical,,,,,,,,,,,,,,Yes,No,Yes,No,No,Wikipedia 'S&P/TSX Composite Index' (2026-08-20); TSX60 from 'S&P/TSX 60' (2026-01-31),2026-08-20,
2026-08-20,CAE,CAE.TO,CAE.TO,,Common,CAE Inc.,CA,TSX,CAD,CAD,CAD,IFRS,Industrials,,Aerospace & Defense,,Industrials,,,,,,,,,,,,,,Yes,No,Yes,Yes,No,Wikipedia 'S&P/TSX Composite Index' (2026-08-20); TSX60 from 'S&P/TSX 60' (2026-01-31),2026-08-20,
2026-08-20,CCO,CCO.TO,CCO.TO,,Common,Cameco Corporation,CA,TSX,CAD,CAD,CAD,IFRS,Energy,,Other Energy Sources,,Oil_Gas_Producers,,,,,,,,,,,,,,Yes,No,Yes,Yes,No,Wikipedia 'S&P/TSX Composite Index' (2026-08-20); TSX60 from 'S&P/TSX 60' (2026-01-31),2026-08-20,
2026-08-20,CAR.UN,CAR-UN.TO,CAR-UN.TO,,Unit (REIT),Canadian Apartment Properties Real Estate Investment Trust,CA,TSX,CAD,CAD,CAD,IFRS,Real Estate,,REITs,,Real_Estate,,,,,,,,,,,,,,Yes,No,Yes,No,No,Wikipedia 'S&P/TSX Composite Index' (2026-08-20); TSX60 from 'S&P/TSX 60' (2026-01-31),2026-08-20,
2026-08-20,CM,CM.TO,CM.TO,,Common,Canadian Imperial Bank of Commerce,CA,TSX,CAD,CAD,CAD,IFRS,Financials,,Banks,,Banks,,,,,,,,,,,,,,Yes,No,Yes,Yes,No,Wikipedia 'S&P/TSX Composite Index' (2026-08-20); TSX60 from 'S&P/TSX 60' (2026-01-31),2026-08-20,
2026-08-20,CNR,CNR.TO,CNR.TO,,Common,Canadian National Railway Company,CA,TSX,CAD,CAD,CAD,IFRS,Industrials,,Transportation,,Railroads,,,,,,,,,,,,,,Yes,No,Yes,Yes,No,Wikipedia 'S&P/TSX Composite Index' (2026-08-20); TSX60 from 'S&P/TSX 60' (2026-01-31),2026-08-20,
2026-08-20,CNQ,CNQ.TO,CNQ.TO,,Common,Canadian Natural Resources Limited,CA,TSX,CAD,CAD,CAD,IFRS,Energy,,Oil & Gas Exploration and Production,,Oil_Gas_Producers,,,,,,,,,,,,,,Yes,No,Yes,Yes,No,Wikipedia 'S&P/TSX Composite Index' (2026-08-20); TSX60 from 'S&P/TSX 60' (2026-01-31),2026-08-20,
2026-08-20,CP,CP.TO,CP.TO,,Common,Canadian Pacific Kansas City Limited,CA,TSX,CAD,CAD,CAD,IFRS,Industrials,,Transportation,,Railroads,,,,,,,,,,,,,,Yes,No,Yes,Yes,No,Wikipedia 'S&P/TSX Composite Index' (2026-08-20); TSX60 from 'S&P/TSX 60' (2026-01-31),2026-08-20,
2026-08-20,CTC.A,CTC.A.TO,CTC.A.TO,,Common,Canadian Tire Corporation Limited,CA,TSX,CAD,CAD,CAD,IFRS,Consumer Discretionary,,Specialty Retail,,Retail,,,,,,,,,,,,,,Yes,No,Yes,Yes,No,Wikipedia 'S&P/TSX Composite Index' (2026-08-20); TSX60 from 'S&P/TSX 60' (2026-01-31),2026-08-20,
2026-08-20,CU,CU.TO,CU.TO,,Common,Canadian Utilities Limited,CA,TSX,CAD,CAD,CAD,IFRS,Utilities,,Regulated Utilities,,Utilities_Regulated,,,,,,,,,,,,,,Yes,No,Yes,No,No,Wikipedia 'S&P/TSX Composite Index' (2026-08-20); TSX60 from 'S&P/TSX 60' (2026-01-31),2026-08-20,
2026-08-20,CPX,CPX.TO,CPX.TO,,Common,Capital Power Corporation,CA,TSX,CAD,CAD,CAD,IFRS,Utilities,,Independent Power Producers,,Utilities_Regulated,,,,,,,,,,,,,,Yes,No,Yes,No,No,Wikipedia 'S&P/TSX Composite Index' (2026-08-20); TSX60 from 'S&P/TSX 60' (2026-01-31),2026-08-20,
2026-08-20,CS,CS.TO,CS.TO,,Common,Capstone Copper Corp.,CA,TSX,CAD,CAD,CAD,IFRS,Materials,,Metals & Mining,,Materials,,,,,,,,,,,,,,Yes,No,Yes,No,No,Wikipedia 'S&P/TSX Composite Index' (2026-08-20); TSX60 from 'S&P/TSX 60' (2026-01-31),2026-08-20,
2026-08-20,CJT,CJT.TO,CJT.TO,,Common,Cargojet Inc.,CA,TSX,CAD,CAD,CAD,IFRS,Industrials,,Transportation,,Industrials,,,,,,,,,,,,,,Yes,No,Yes,No,No,Wikipedia 'S&P/TSX Composite Index' (2026-08-20); TSX60 from 'S&P/TSX 60' (2026-01-31),2026-08-20,
2026-08-20,CCL.B,CCL.B.TO,CCL.B.TO,,Common,CCL Industries Inc.,CA,TSX,CAD,CAD,CAD,IFRS,Consumer Discretionary,,Containers & Packaging,,Consumer_Cyclical,,,,,,,,,,,,,,Yes,No,Yes,Yes,No,Wikipedia 'S&P/TSX Composite Index' (2026-08-20); TSX60 from 'S&P/TSX 60' (2026-01-31),2026-08-20,
2026-08-20,CLS,CLS.TO,CLS.TO,,Common,Celestica Inc.,CA,TSX,CAD,CAD,CAD,IFRS,Information Technology,,Hardware & Equipment,,Tech,,,,,,,,,,,,,,Yes,No,Yes,Yes,No,Wikipedia 'S&P/TSX Composite Index' (2026-08-20); TSX60 from 'S&P/TSX 60' (2026-01-31),2026-08-20,
2026-08-20,CVE,CVE.TO,CVE.TO,,Common,Cenovus Energy Inc.,CA,TSX,CAD,CAD,CAD,IFRS,Energy,,Integrated Oil & Gas,,Oil_Gas_Producers,,,,,,,,,,,,,,Yes,No,Yes,Yes,No,Wikipedia 'S&P/TSX Composite Index' (2026-08-20); TSX60 from 'S&P/TSX 60' (2026-01-31),2026-08-20,
2026-08-20,CG,CG.TO,CG.TO,,Common,Centerra Gold Inc.,CA,TSX,CAD,CAD,CAD,IFRS,Materials,,Metals & Mining,,Materials,,,,,,,,,,,,,,Yes,No,Yes,No,No,Wikipedia 'S&P/TSX Composite Index' (2026-08-20); TSX60 from 'S&P/TSX 60' (2026-01-31),2026-08-20,
2026-08-20,CEU,CEU.TO,CEU.TO,,Common,CES Energy Solutions Corp.,CA,TSX,CAD,CAD,CAD,IFRS,Energy,,Oil & Gas Equipment & Services,,Oil_Gas_Producers,,,,,,,,,,,,,,Yes,No,Yes,No,No,Wikipedia 'S&P/TSX Composite Index' (2026-08-20); TSX60 from 'S&P/TSX 60' (2026-01-31),2026-08-20,
2026-08-20,GIB.A,GIB.A.TO,GIB.A.TO,,Common,CGI Inc.,CA,TSX,CAD,CAD,CAD,IFRS,Information Technology,,Software,,Software,,,,,,,,,,,,,,Yes,No,Yes,Yes,No,Wikipedia 'S&P/TSX Composite Index' (2026-08-20); TSX60 from 'S&P/TSX 60' (2026-01-31),2026-08-20,
2026-08-20,CSH.UN,CSH-UN.TO,CSH-UN.TO,,Unit (REIT),Chartwell Retirement Residences,CA,TSX,CAD,CAD,CAD,IFRS,Real Estate,,Real Estate,,Real_Estate,,,,,,,,,,,,,,Yes,No,Yes,No,No,Wikipedia 'S&P/TSX Composite Index' (2026-08-20); TSX60 from 'S&P/TSX 60' (2026-01-31),2026-08-20,
2026-08-20,CHP.UN,CHP-UN.TO,CHP-UN.TO,,Unit (REIT),Choice Properties Real Estate Investment Trust,CA,TSX,CAD,CAD,CAD,IFRS,Real Estate,,REITs,,Real_Estate,,,,,,,,,,,,,,Yes,No,Yes,No,No,Wikipedia 'S&P/TSX Composite Index' (2026-08-20); TSX60 from 'S&P/TSX 60' (2026-01-31),2026-08-20,
2026-08-20,CCA,CCA.TO,CCA.TO,,Common,Cogeco Communications Inc.,CA,TSX,CAD,CAD,CAD,IFRS,Communication Services,,Telecommunication Services,,Telecom,,,,,,,,,,,,,,Yes,No,Yes,No,No,Wikipedia 'S&P/TSX Composite Index' (2026-08-20); TSX60 from 'S&P/TSX 60' (2026-01-31),2026-08-20,
2026-08-20,CIGI,CIGI.TO,CIGI.TO,,Common,Colliers International Group Inc.,CA,TSX,CAD,CAD,CAD,IFRS,Real Estate,,Real Estate,,Real_Estate,,,,,,,,,,,,,,Yes,No,Yes,No,No,Wikipedia 'S&P/TSX Composite Index' (2026-08-20); TSX60 from 'S&P/TSX 60' (2026-01-31),2026-08-20,
2026-08-20,CSU,CSU.TO,CSU.TO,,Common,Constellation Software Inc.,CA,TSX,CAD,CAD,CAD,IFRS,Information Technology,,Software,,Software,,,,,,,,,,,,,,Yes,No,Yes,Yes,No,Wikipedia 'S&P/TSX Composite Index' (2026-08-20); TSX60 from 'S&P/TSX 60' (2026-01-31),2026-08-20,
2026-08-20,CRR.UN,CRR-UN.TO,CRR-UN.TO,,Unit (REIT),Crombie Real Estate Investment Trust,CA,TSX,CAD,CAD,CAD,IFRS,Real Estate,,REITs,,Real_Estate,,,,,,,,,,,,,,Yes,No,Yes,No,No,Wikipedia 'S&P/TSX Composite Index' (2026-08-20); TSX60 from 'S&P/TSX 60' (2026-01-31),2026-08-20,
2026-08-20,CRT.UN,CRT-UN.TO,CRT-UN.TO,,Unit (REIT),CT Real Estate Investment Trust,CA,TSX,CAD,CAD,CAD,IFRS,Real Estate,,REITs,,Real_Estate,,,,,,,,,,,,,,Yes,No,Yes,No,No,Wikipedia 'S&P/TSX Composite Index' (2026-08-20); TSX60 from 'S&P/TSX 60' (2026-01-31),2026-08-20,
2026-08-20,CURA,CURA.TO,CURA.TO,,Common,"Curaleaf Holdings, Inc.",CA,TSX,CAD,CAD,CAD,IFRS,Health Care,,Pharmaceuticals,,Pharma,,,,,,,,,,,,,,Yes,No,Yes,No,No,Wikipedia 'S&P/TSX Composite Index' (2026-08-20); TSX60 from 'S&P/TSX 60' (2026-01-31),2026-08-20,
2026-08-20,DFY,DFY.TO,DFY.TO,,Common,Definity Financial Corporation,CA,TSX,CAD,CAD,CAD,IFRS,Financials,,Insurance,,Insurance,,,,,,,,,,,,,,Yes,No,Yes,No,No,Wikipedia 'S&P/TSX Composite Index' (2026-08-20); TSX60 from 'S&P/TSX 60' (2026-01-31),2026-08-20,
2026-08-20,DML,DML.TO,DML.TO,,Common,Denison Mines Corp.,CA,TSX,CAD,CAD,CAD,IFRS,Energy,,Other Energy Sources,,Oil_Gas_Producers,,,,,,,,,,,,,,Yes,No,Yes,No,No,Wikipedia 'S&P/TSX Composite Index' (2026-08-20); TSX60 from 'S&P/TSX 60' (2026-01-31),2026-08-20,
2026-08-20,DSG,DSG.TO,DSG.TO,,Common,Descartes Systems Group Inc.,CA,TSX,CAD,CAD,CAD,IFRS,Information Technology,,Software,,Software,,,,,,,,,,,,,,Yes,No,Yes,No,No,Wikipedia 'S&P/TSX Composite Index' (2026-08-20); TSX60 from 'S&P/TSX 60' (2026-01-31),2026-08-20,
2026-08-20,DSV,DSV.TO,DSV.TO,,Common,Discovery Silver Corp.,CA,TSX,CAD,CAD,CAD,IFRS,Materials,,Metals & Mining,,Materials,,,,,,,,,,,,,,Yes,No,Yes,No,No,Wikipedia 'S&P/TSX Composite Index' (2026-08-20); TSX60 from 'S&P/TSX 60' (2026-01-31),2026-08-20,
2026-08-20,DOL,DOL.TO,DOL.TO,,Common,Dollarama Inc.,CA,TSX,CAD,CAD,CAD,IFRS,Consumer Staples,,Retailers - Staples,,Consumer_Defensive,,,,,,,,,,,,,,Yes,No,Yes,Yes,No,Wikipedia 'S&P/TSX Composite Index' (2026-08-20); TSX60 from 'S&P/TSX 60' (2026-01-31),2026-08-20,
2026-08-20,DIR.UN,DIR-UN.TO,DIR-UN.TO,,Unit (REIT),Dream Industrial Real Estate Investment Trust,CA,TSX,CAD,CAD,CAD,IFRS,Real Estate,,REITs,,Real_Estate,,,,,,,,,,,,,,Yes,No,Yes,No,No,Wikipedia 'S&P/TSX Composite Index' (2026-08-20); TSX60 from 'S&P/TSX 60' (2026-01-31),2026-08-20,
2026-08-20,DPM,DPM.TO,DPM.TO,,Common,Dundee Precious Metals Inc.,CA,TSX,CAD,CAD,CAD,IFRS,Materials,,Metals & Mining,,Materials,,,,,,,,,,,,,,Yes,No,Yes,No,No,Wikipedia 'S&P/TSX Composite Index' (2026-08-20); TSX60 from 'S&P/TSX 60' (2026-01-31),2026-08-20,
2026-08-20,ELD,ELD.TO,ELD.TO,,Common,Eldorado Gold Corporation,CA,TSX,CAD,CAD,CAD,IFRS,Materials,,Metals & Mining,,Materials,,,,,,,,,,,,,,Yes,No,Yes,No,No,Wikipedia 'S&P/TSX Composite Index' (2026-08-20); TSX60 from 'S&P/TSX 60' (2026-01-31),2026-08-20,
2026-08-20,EFN,EFN.TO,EFN.TO,,Common,Element Fleet Management Corp.,CA,TSX,CAD,CAD,CAD,IFRS,Industrials,,Business Services,,Industrials,,,,,,,,,,,,,,Yes,No,Yes,No,No,Wikipedia 'S&P/TSX Composite Index' (2026-08-20); TSX60 from 'S&P/TSX 60' (2026-01-31),2026-08-20,
2026-08-20,EMA,EMA.TO,EMA.TO,,Common,Emera Incorporated,CA,TSX,CAD,CAD,CAD,IFRS,Utilities,,Regulated Utilities,,Utilities_Regulated,,,,,,,,,,,,,,Yes,No,Yes,Yes,No,Wikipedia 'S&P/TSX Composite Index' (2026-08-20); TSX60 from 'S&P/TSX 60' (2026-01-31),2026-08-20,
2026-08-20,EMP.A,EMP.A.TO,EMP.A.TO,,Common,Empire Company Limited,CA,TSX,CAD,CAD,CAD,IFRS,Consumer Staples,,Retailers - Staples,,Consumer_Defensive,,,,,,,,,,,,,,Yes,No,Yes,No,No,Wikipedia 'S&P/TSX Composite Index' (2026-08-20); TSX60 from 'S&P/TSX 60' (2026-01-31),2026-08-20,
2026-08-20,ENB,ENB.TO,ENB.TO,,Common,Enbridge Inc.,CA,TSX,CAD,CAD,CAD,IFRS,Energy,,Oil & Gas Storage/Transport,,Pipelines_Midstream,,,,,,,,,,,,,,Yes,No,Yes,Yes,No,Wikipedia 'S&P/TSX Composite Index' (2026-08-20); TSX60 from 'S&P/TSX 60' (2026-01-31),2026-08-20,
2026-08-20,EDR,EDR.TO,EDR.TO,,Common,Endeavour Silver Corp.,CA,TSX,CAD,CAD,CAD,IFRS,Materials,,Metals & Mining,,Materials,,,,,,,,,,,,,,Yes,No,Yes,No,No,Wikipedia 'S&P/TSX Composite Index' (2026-08-20); TSX60 from 'S&P/TSX 60' (2026-01-31),2026-08-20,
2026-08-20,EFR,EFR.TO,EFR.TO,,Common,Energy Fuels Inc.,CA,TSX,CAD,CAD,CAD,IFRS,Energy,,Other Energy Sources,,Oil_Gas_Producers,,,,,,,,,,,,,,Yes,No,Yes,No,No,Wikipedia 'S&P/TSX Composite Index' (2026-08-20); TSX60 from 'S&P/TSX 60' (2026-01-31),2026-08-20,
2026-08-20,EQB,EQB.TO,EQB.TO,,Common,EQB Inc.,CA,TSX,CAD,CAD,CAD,IFRS,Financials,,Banks,,Banks,,,,,,,,,,,,,,Yes,No,Yes,No,No,Wikipedia 'S&P/TSX Composite Index' (2026-08-20); TSX60 from 'S&P/TSX 60' (2026-01-31),2026-08-20,
2026-08-20,EFX,EFX.TO,EFX.TO,,Common,Equifax Inc.,CA,TSX,CAD,CAD,CAD,IFRS,Industrials,,Consulting Services,,Industrials,,,,,,,,,,,,,,Yes,No,Yes,No,No,Wikipedia 'S&P/TSX Composite Index' (2026-08-20); TSX60 from 'S&P/TSX 60' (2026-01-31),2026-08-20,
2026-08-20,EQX,EQX.TO,EQX.TO,,Common,Equinox Gold Corp.,CA,TSX,CAD,CAD,CAD,IFRS,Materials,,Metals & Mining,,Materials,,,,,,,,,,,,,,Yes,No,Yes,No,No,Wikipedia 'S&P/TSX Composite Index' (2026-08-20); TSX60 from 'S&P/TSX 60' (2026-01-31),2026-08-20,
2026-08-20,ERO,ERO.TO,ERO.TO,,Common,Ero Copper Corp.,CA,TSX,CAD,CAD,CAD,IFRS,Materials,,Metals & Mining,,Materials,,,,,,,,,,,,,,Yes,No,Yes,No,No,Wikipedia 'S&P/TSX Composite Index' (2026-08-20); TSX60 from 'S&P/TSX 60' (2026-01-31),2026-08-20,
2026-08-20,EIF,EIF.TO,EIF.TO,,Common,Exchange Income Corporation,CA,TSX,CAD,CAD,CAD,IFRS,Industrials,,Transportation,,Industrials,,,,,,,,,,,,,,Yes,No,Yes,No,No,Wikipedia 'S&P/TSX Composite Index' (2026-08-20); TSX60 from 'S&P/TSX 60' (2026-01-31),2026-08-20,
2026-08-20,FFH,FFH.TO,FFH.TO,,Common,Fairfax Financial Holdings Limited,CA,TSX,CAD,CAD,CAD,IFRS,Financials,,Insurance,,Insurance,,,,,,,,,,,,,,Yes,No,Yes,Yes,No,Wikipedia 'S&P/TSX Composite Index' (2026-08-20); TSX60 from 'S&P/TSX 60' (2026-01-31),2026-08-20,
2026-08-20,FTT,FTT.TO,FTT.TO,,Common,Finning International Inc.,CA,TSX,CAD,CAD,CAD,IFRS,Industrials,,Industrial Distribution,,Industrials,,,,,,,,,,,,,,Yes,No,Yes,No,No,Wikipedia 'S&P/TSX Composite Index' (2026-08-20); TSX60 from 'S&P/TSX 60' (2026-01-31),2026-08-20,
2026-08-20,FCR.UN,FCR-UN.TO,FCR-UN.TO,,Unit (REIT),First Capital Real Estate Investment Trust,CA,TSX,CAD,CAD,CAD,IFRS,Real Estate,,REITs,,Real_Estate,,,,,,,,,,,,,,Yes,No,Yes,No,No,Wikipedia 'S&P/TSX Composite Index' (2026-08-20); TSX60 from 'S&P/TSX 60' (2026-01-31),2026-08-20,
2026-08-20,AG,AG.TO,AG.TO,,Common,First Majestic Silver Corp.,CA,TSX,CAD,CAD,CAD,IFRS,Materials,,Metals & Mining,,Materials,,,,,,,,,,,,,,Yes,No,Yes,No,No,Wikipedia 'S&P/TSX Composite Index' (2026-08-20); TSX60 from 'S&P/TSX 60' (2026-01-31),2026-08-20,
2026-08-20,FM,FM.TO,FM.TO,,Common,First Quantum Minerals Ltd.,CA,TSX,CAD,CAD,CAD,IFRS,Materials,,Metals & Mining,,Materials,,,,,,,,,,,,,,Yes,No,Yes,Yes,No,Wikipedia 'S&P/TSX Composite Index' (2026-08-20); TSX60 from 'S&P/TSX 60' (2026-01-31),2026-08-20,
2026-08-20,FSV,FSV.TO,FSV.TO,,Common,FirstService Corporation,CA,TSX,CAD,CAD,CAD,IFRS,Real Estate,,Real Estate,,Real_Estate,,,,,,,,,,,,,,Yes,No,Yes,Yes,No,Wikipedia 'S&P/TSX Composite Index' (2026-08-20); TSX60 from 'S&P/TSX 60' (2026-01-31),2026-08-20,
2026-08-20,FTS,FTS.TO,FTS.TO,,Common,Fortis Inc.,CA,TSX,CAD,CAD,CAD,IFRS,Utilities,,Regulated Utilities,,Utilities_Regulated,,,,,,,,,,,,,,Yes,No,Yes,Yes,No,Wikipedia 'S&P/TSX Composite Index' (2026-08-20); TSX60 from 'S&P/TSX 60' (2026-01-31),2026-08-20,
2026-08-20,FVI,FVI.TO,FVI.TO,,Common,Fortuna Mining Corp.,CA,TSX,CAD,CAD,CAD,IFRS,Materials,,Metals & Mining,,Materials,,,,,,,,,,,,,,Yes,No,Yes,No,No,Wikipedia 'S&P/TSX Composite Index' (2026-08-20); TSX60 from 'S&P/TSX 60' (2026-01-31),2026-08-20,
2026-08-20,FNV,FNV.TO,FNV.TO,,Common,Franco-Nevada Corporation,CA,TSX,CAD,CAD,CAD,IFRS,Materials,,Metals & Mining,,Materials,,,,,,,,,,,,,,Yes,No,Yes,Yes,No,Wikipedia 'S&P/TSX Composite Index' (2026-08-20); TSX60 from 'S&P/TSX 60' (2026-01-31),2026-08-20,
2026-08-20,FRU,FRU.TO,FRU.TO,,Common,Freehold Royalties Ltd.,CA,TSX,CAD,CAD,CAD,IFRS,Energy,,Oil & Gas Exploration and Production,,Oil_Gas_Producers,,,,,,,,,,,,,,Yes,No,Yes,No,No,Wikipedia 'S&P/TSX Composite Index' (2026-08-20); TSX60 from 'S&P/TSX 60' (2026-01-31),2026-08-20,
2026-08-20,GMIN,GMIN.TO,GMIN.TO,,Common,G Mining Ventures Corp.,CA,TSX,CAD,CAD,CAD,IFRS,Materials,,Metals & Mining,,Materials,,,,,,,,,,,,,,Yes,No,Yes,No,No,Wikipedia 'S&P/TSX Composite Index' (2026-08-20); TSX60 from 'S&P/TSX 60' (2026-01-31),2026-08-20,
2026-08-20,WN,WN.TO,WN.TO,,Common,George Weston Limited,CA,TSX,CAD,CAD,CAD,IFRS,Consumer Staples,,Retailers - Staples,,Consumer_Defensive,,,,,,,,,,,,,,Yes,No,Yes,Yes,No,Wikipedia 'S&P/TSX Composite Index' (2026-08-20); TSX60 from 'S&P/TSX 60' (2026-01-31),2026-08-20,
2026-08-20,GFL,GFL.TO,GFL.TO,,Common,GFL Environmental Inc.,CA,TSX,CAD,CAD,CAD,IFRS,Industrials,,Waste Management,,Industrials,,,,,,,,,,,,,,Yes,No,Yes,No,No,Wikipedia 'S&P/TSX Composite Index' (2026-08-20); TSX60 from 'S&P/TSX 60' (2026-01-31),2026-08-20,
2026-08-20,GEI,GEI.TO,GEI.TO,,Common,Gibson Energy Inc.,CA,TSX,CAD,CAD,CAD,IFRS,Energy,,Oil & Gas Storage/Transport,,Oil_Gas_Producers,,,,,,,,,,,,,,Yes,No,Yes,No,No,Wikipedia 'S&P/TSX Composite Index' (2026-08-20); TSX60 from 'S&P/TSX 60' (2026-01-31),2026-08-20,
2026-08-20,GIL,GIL.TO,GIL.TO,,Common,Gildan Activewear Inc.,CA,TSX,CAD,CAD,CAD,IFRS,Consumer Discretionary,,Apparel & Accessories,,Consumer_Cyclical,,,,,,,,,,,,,,Yes,No,Yes,Yes,No,Wikipedia 'S&P/TSX Composite Index' (2026-08-20); TSX60 from 'S&P/TSX 60' (2026-01-31),2026-08-20,
2026-08-20,GSY,GSY.TO,GSY.TO,,Common,goeasy Ltd.,CA,TSX,CAD,CAD,CAD,IFRS,Financials,,Consumer Finance,,Credit_Services,,,,,,,,,,,,,,Yes,No,Yes,No,No,Wikipedia 'S&P/TSX Composite Index' (2026-08-20); TSX60 from 'S&P/TSX 60' (2026-01-31),2026-08-20,
2026-08-20,GRT.UN,GRT-UN.TO,GRT-UN.TO,,Unit (REIT),Granite Real Estate Investment Trust,CA,TSX,CAD,CAD,CAD,IFRS,Real Estate,,REITs,,Real_Estate,,,,,,,,,,,,,,Yes,No,Yes,No,No,Wikipedia 'S&P/TSX Composite Index' (2026-08-20); TSX60 from 'S&P/TSX 60' (2026-01-31),2026-08-20,
2026-08-20,GWO,GWO.TO,GWO.TO,,Common,Great-West Lifeco Inc.,CA,TSX,CAD,CAD,CAD,IFRS,Financials,,Insurance,,Insurance,,,,,,,,,,,,,,Yes,No,Yes,No,No,Wikipedia 'S&P/TSX Composite Index' (2026-08-20); TSX60 from 'S&P/TSX 60' (2026-01-31),2026-08-20,
2026-08-20,HR.UN,HR-UN.TO,HR-UN.TO,,Unit (REIT),H&R Real Estate Investment Trust,CA,TSX,CAD,CAD,CAD,IFRS,Real Estate,,REITs,,Real_Estate,,,,,,,,,,,,,,Yes,No,Yes,No,No,Wikipedia 'S&P/TSX Composite Index' (2026-08-20); TSX60 from 'S&P/TSX 60' (2026-01-31),2026-08-20,
2026-08-20,HWX,HWX.TO,HWX.TO,,Common,Headwater Exploration Inc.,CA,TSX,CAD,CAD,CAD,IFRS,Energy,,Oil & Gas Exploration and Production,,Oil_Gas_Producers,,,,,,,,,,,,,,Yes,No,Yes,No,No,Wikipedia 'S&P/TSX Composite Index' (2026-08-20); TSX60 from 'S&P/TSX 60' (2026-01-31),2026-08-20,
2026-08-20,HBM,HBM.TO,HBM.TO,,Common,Hudbay Minerals Inc.,CA,TSX,CAD,CAD,CAD,IFRS,Materials,,Metals & Mining,,Materials,,,,,,,,,,,,,,Yes,No,Yes,No,No,Wikipedia 'S&P/TSX Composite Index' (2026-08-20); TSX60 from 'S&P/TSX 60' (2026-01-31),2026-08-20,
2026-08-20,H,H.TO,H.TO,,Common,Hydro One Limited,CA,TSX,CAD,CAD,CAD,IFRS,Utilities,,Regulated Utilities,,Utilities_Regulated,,,,,,,,,,,,,,Yes,No,Yes,Yes,No,Wikipedia 'S&P/TSX Composite Index' (2026-08-20); TSX60 from 'S&P/TSX 60' (2026-01-31),2026-08-20,
2026-08-20,IAU,IAU.TO,IAU.TO,,Common,I-80 Gold Corp.,CA,TSX,CAD,CAD,CAD,IFRS,Materials,,Metals & Mining,,Materials,,,,,,,,,,,,,,Yes,No,Yes,No,No,Wikipedia 'S&P/TSX Composite Index' (2026-08-20); TSX60 from 'S&P/TSX 60' (2026-01-31),2026-08-20,
2026-08-20,IAG,IAG.TO,IAG.TO,,Common,iA Financial Corporation Inc.,CA,TSX,CAD,CAD,CAD,IFRS,Financials,,Insurance,,Insurance,,,,,,,,,,,,,,Yes,No,Yes,No,No,Wikipedia 'S&P/TSX Composite Index' (2026-08-20); TSX60 from 'S&P/TSX 60' (2026-01-31),2026-08-20,
2026-08-20,IMG,IMG.TO,IMG.TO,,Common,Iamgold Corporation,CA,TSX,CAD,CAD,CAD,IFRS,Materials,,Metals & Mining,,Materials,,,,,,,,,,,,,,Yes,No,Yes,No,No,Wikipedia 'S&P/TSX Composite Index' (2026-08-20); TSX60 from 'S&P/TSX 60' (2026-01-31),2026-08-20,
2026-08-20,IGM,IGM.TO,IGM.TO,,Common,IGM Financial Inc.,CA,TSX,CAD,CAD,CAD,IFRS,Financials,,Asset Management,,Financials,,,,,,,,,,,,,,Yes,No,Yes,No,No,Wikipedia 'S&P/TSX Composite Index' (2026-08-20); TSX60 from 'S&P/TSX 60' (2026-01-31),2026-08-20,
2026-08-20,IMO,IMO.TO,IMO.TO,,Common,Imperial Oil Limited,CA,TSX,CAD,CAD,CAD,IFRS,Energy,,Integrated Oil & Gas,,Oil_Gas_Producers,,,,,,,,,,,,,,Yes,No,Yes,Yes,No,Wikipedia 'S&P/TSX Composite Index' (2026-08-20); TSX60 from 'S&P/TSX 60' (2026-01-31),2026-08-20,
2026-08-20,IFC,IFC.TO,IFC.TO,,Common,Intact Financial Corporation,CA,TSX,CAD,CAD,CAD,IFRS,Financials,,Insurance,,Insurance,,,,,,,,,,,,,,Yes,No,Yes,Yes,No,Wikipedia 'S&P/TSX Composite Index' (2026-08-20); TSX60 from 'S&P/TSX 60' (2026-01-31),2026-08-20,
2026-08-20,IPCO,IPCO.TO,IPCO.TO,,Common,International Petroleum Corporation,CA,TSX,CAD,CAD,CAD,IFRS,Energy,,Oil & Gas Exploration and Production,,Oil_Gas_Producers,,,,,,,,,,,,,,Yes,No,Yes,No,No,Wikipedia 'S&P/TSX Composite Index' (2026-08-20); TSX60 from 'S&P/TSX 60' (2026-01-31),2026-08-20,
2026-08-20,IIP.UN,IIP-UN.TO,IIP-UN.TO,,Unit (REIT),InterRent Real Estate Investment Trust,CA,TSX,CAD,CAD,CAD,IFRS,Real Estate,,REITs,,Real_Estate,,,,,,,,,,,,,,Yes,No,Yes,No,No,Wikipedia 'S&P/TSX Composite Index' (2026-08-20); TSX60 from 'S&P/TSX 60' (2026-01-31),2026-08-20,
2026-08-20,IVN,IVN.TO,IVN.TO,,Common,Ivanhoe Mines Ltd.,CA,TSX,CAD,CAD,CAD,IFRS,Materials,,Metals & Mining,,Materials,,,,,,,,,,,,,,Yes,No,Yes,No,No,Wikipedia 'S&P/TSX Composite Index' (2026-08-20); TSX60 from 'S&P/TSX 60' (2026-01-31),2026-08-20,
2026-08-20,JWEL,JWEL.TO,JWEL.TO,,Common,Jamieson Wellness Inc.,CA,TSX,CAD,CAD,CAD,IFRS,Consumer Staples,,Consumer Packaged Goods,,Consumer_Defensive,,,,,,,,,,,,,,Yes,No,Yes,No,No,Wikipedia 'S&P/TSX Composite Index' (2026-08-20); TSX60 from 'S&P/TSX 60' (2026-01-31),2026-08-20,
2026-08-20,KNT,KNT.TO,KNT.TO,,Common,K92 Mining Inc.,CA,TSX,CAD,CAD,CAD,IFRS,Materials,,Metals & Mining,,Materials,,,,,,,,,,,,,,Yes,No,Yes,No,No,Wikipedia 'S&P/TSX Composite Index' (2026-08-20); TSX60 from 'S&P/TSX 60' (2026-01-31),2026-08-20,
2026-08-20,KEL,KEL.TO,KEL.TO,,Common,Kelt Exploration Ltd.,CA,TSX,CAD,CAD,CAD,IFRS,Energy,,Oil & Gas Exploration and Production,,Oil_Gas_Producers,,,,,,,,,,,,,,Yes,No,Yes,No,No,Wikipedia 'S&P/TSX Composite Index' (2026-08-20); TSX60 from 'S&P/TSX 60' (2026-01-31),2026-08-20,
2026-08-20,KEY,KEY.TO,KEY.TO,,Common,Keyera Corp.,CA,TSX,CAD,CAD,CAD,IFRS,Energy,,Oil & Gas Storage/Transport,,Oil_Gas_Producers,,,,,,,,,,,,,,Yes,No,Yes,No,No,Wikipedia 'S&P/TSX Composite Index' (2026-08-20); TSX60 from 'S&P/TSX 60' (2026-01-31),2026-08-20,
2026-08-20,KMP.UN,KMP-UN.TO,KMP-UN.TO,,Unit (REIT),Killam Apartment Real Estate Investment Trust,CA,TSX,CAD,CAD,CAD,IFRS,Real Estate,,REITs,,Real_Estate,,,,,,,,,,,,,,Yes,No,Yes,No,No,Wikipedia 'S&P/TSX Composite Index' (2026-08-20); TSX60 from 'S&P/TSX 60' (2026-01-31),2026-08-20,
2026-08-20,KXS,KXS.TO,KXS.TO,,Common,Kinaxis Inc.,CA,TSX,CAD,CAD,CAD,IFRS,Information Technology,,Software,,Software,,,,,,,,,,,,,,Yes,No,Yes,No,No,Wikipedia 'S&P/TSX Composite Index' (2026-08-20); TSX60 from 'S&P/TSX 60' (2026-01-31),2026-08-20,
2026-08-20,K,K.TO,K.TO,,Common,Kinross Gold Corporation,CA,TSX,CAD,CAD,CAD,IFRS,Materials,,Metals & Mining,,Materials,,,,,,,,,,,,,,Yes,No,Yes,Yes,No,Wikipedia 'S&P/TSX Composite Index' (2026-08-20); TSX60 from 'S&P/TSX 60' (2026-01-31),2026-08-20,
2026-08-20,LIF,LIF.TO,LIF.TO,,Common,Labrador Iron Ore Royalty Corporation,CA,TSX,CAD,CAD,CAD,IFRS,Materials,,Steel,,Materials,,,,,,,,,,,,,,Yes,No,Yes,No,No,Wikipedia 'S&P/TSX Composite Index' (2026-08-20); TSX60 from 'S&P/TSX 60' (2026-01-31),2026-08-20,
2026-08-20,LB,LB.TO,LB.TO,,Common,Laurentian Bank of Canada,CA,TSX,CAD,CAD,CAD,IFRS,Financials,,Banks,,Banks,,,,,,,,,,,,,,Yes,No,Yes,No,No,Wikipedia 'S&P/TSX Composite Index' (2026-08-20); TSX60 from 'S&P/TSX 60' (2026-01-31),2026-08-20,
2026-08-20,LSPD,LSPD.TO,LSPD.TO,,Common,Lightspeed Commerce Inc.,CA,TSX,CAD,CAD,CAD,IFRS,Information Technology,,Software,,Software,,,,,,,,,,,,,,Yes,No,Yes,No,No,Wikipedia 'S&P/TSX Composite Index' (2026-08-20); TSX60 from 'S&P/TSX 60' (2026-01-31),2026-08-20,
2026-08-20,LNR,LNR.TO,LNR.TO,,Common,Linamar Corporation,CA,TSX,CAD,CAD,CAD,IFRS,Consumer Discretionary,,Vehicles & Parts,,Consumer_Cyclical,,,,,,,,,,,,,,Yes,No,Yes,No,No,Wikipedia 'S&P/TSX Composite Index' (2026-08-20); TSX60 from 'S&P/TSX 60' (2026-01-31),2026-08-20,
2026-08-20,LAC,LAC.TO,LAC.TO,,Common,Lithium Americas Corp.,CA,TSX,CAD,CAD,CAD,IFRS,Materials,,Metals & Mining,,Materials,,,,,,,,,,,,,,Yes,No,Yes,No,No,Wikipedia 'S&P/TSX Composite Index' (2026-08-20); TSX60 from 'S&P/TSX 60' (2026-01-31),2026-08-20,
2026-08-20,L,L.TO,L.TO,,Common,Loblaw Companies Limited,CA,TSX,CAD,CAD,CAD,IFRS,Consumer Staples,,Retailers - Staples,,Consumer_Defensive,,,,,,,,,,,,,,Yes,No,Yes,Yes,No,Wikipedia 'S&P/TSX Composite Index' (2026-08-20); TSX60 from 'S&P/TSX 60' (2026-01-31),2026-08-20,
2026-08-20,LUG,LUG.TO,LUG.TO,,Common,Lundin Gold Inc.,CA,TSX,CAD,CAD,CAD,IFRS,Materials,,Metals & Mining,,Materials,,,,,,,,,,,,,,Yes,No,Yes,No,No,Wikipedia 'S&P/TSX Composite Index' (2026-08-20); TSX60 from 'S&P/TSX 60' (2026-01-31),2026-08-20,
2026-08-20,LUN,LUN.TO,LUN.TO,,Common,Lundin Mining Corporation,CA,TSX,CAD,CAD,CAD,IFRS,Materials,,Metals & Mining,,Materials,,,,,,,,,,,,,,Yes,No,Yes,No,No,Wikipedia 'S&P/TSX Composite Index' (2026-08-20); TSX60 from 'S&P/TSX 60' (2026-01-31),2026-08-20,
2026-08-20,MG,MG.TO,MG.TO,,Common,Magna International Inc.,CA,TSX,CAD,CAD,CAD,IFRS,Consumer Discretionary,,Vehicles & Parts,,Consumer_Cyclical,,,,,,,,,,,,,,Yes,No,Yes,Yes,No,Wikipedia 'S&P/TSX Composite Index' (2026-08-20); TSX60 from 'S&P/TSX 60' (2026-01-31),2026-08-20,
2026-08-20,MFC,MFC.TO,MFC.TO,,Common,Manulife Financial Corporation,CA,TSX,CAD,CAD,CAD,IFRS,Financials,,Insurance,,Insurance,,,,,,,,,,,,,,Yes,No,Yes,Yes,No,Wikipedia 'S&P/TSX Composite Index' (2026-08-20); TSX60 from 'S&P/TSX 60' (2026-01-31),2026-08-20,
2026-08-20,MFI,MFI.TO,MFI.TO,,Common,Maple Leaf Foods Inc.,CA,TSX,CAD,CAD,CAD,IFRS,Consumer Staples,,Consumer Packaged Goods,,Consumer_Defensive,,,,,,,,,,,,,,Yes,No,Yes,No,No,Wikipedia 'S&P/TSX Composite Index' (2026-08-20); TSX60 from 'S&P/TSX 60' (2026-01-31),2026-08-20,
2026-08-20,MDA,MDA.TO,MDA.TO,,Common,MDA Space Ltd.,CA,TSX,CAD,CAD,CAD,IFRS,Industrials,,Aerospace & Defense,,Industrials,,,,,,,,,,,,,,Yes,No,Yes,No,No,Wikipedia 'S&P/TSX Composite Index' (2026-08-20); TSX60 from 'S&P/TSX 60' (2026-01-31),2026-08-20,
2026-08-20,MX,MX.TO,MX.TO,,Common,Methanex Corporation,CA,TSX,CAD,CAD,CAD,IFRS,Materials,,Chemicals,,Materials,,,,,,,,,,,,,,Yes,No,Yes,No,No,Wikipedia 'S&P/TSX Composite Index' (2026-08-20); TSX60 from 'S&P/TSX 60' (2026-01-31),2026-08-20,
2026-08-20,MRU,MRU.TO,MRU.TO,,Common,Metro Inc.,CA,TSX,CAD,CAD,CAD,IFRS,Consumer Staples,,Retailers - Staples,,Consumer_Defensive,,,,,,,,,,,,,,Yes,No,Yes,Yes,No,Wikipedia 'S&P/TSX Composite Index' (2026-08-20); TSX60 from 'S&P/TSX 60' (2026-01-31),2026-08-20,
2026-08-20,MAU,MAU.TO,MAU.TO,,Common,Montage Gold Corp.,CA,TSX,CAD,CAD,CAD,IFRS,Materials,,Metals & Mining,,Materials,,,,,,,,,,,,,,Yes,No,Yes,No,No,Wikipedia 'S&P/TSX Composite Index' (2026-08-20); TSX60 from 'S&P/TSX 60' (2026-01-31),2026-08-20,
2026-08-20,MTL,MTL.TO,MTL.TO,,Common,Mullen Group Ltd.,CA,TSX,CAD,CAD,CAD,IFRS,Industrials,,Transportation,,Industrials,,,,,,,,,,,,,,Yes,No,Yes,No,No,Wikipedia 'S&P/TSX Composite Index' (2026-08-20); TSX60 from 'S&P/TSX 60' (2026-01-31),2026-08-20,
2026-08-20,,NA.TO,NA.TO,,Common,National Bank of Canada,CA,TSX,CAD,CAD,CAD,IFRS,Financials,,Banks,,Banks,,,,,,,,,,,,,,Yes,No,Yes,Yes,No,Wikipedia 'S&P/TSX Composite Index' (2026-08-20); TSX60 from 'S&P/TSX 60' (2026-01-31),2026-08-20,
2026-08-20,NXE,NXE.TO,NXE.TO,,Common,NexGen Energy Ltd.,CA,TSX,CAD,CAD,CAD,IFRS,Energy,,Other Energy Sources,,Oil_Gas_Producers,,,,,,,,,,,,,,Yes,No,Yes,No,No,Wikipedia 'S&P/TSX Composite Index' (2026-08-20); TSX60 from 'S&P/TSX 60' (2026-01-31),2026-08-20,
2026-08-20,NFI,NFI.TO,NFI.TO,,Common,NFI Group Inc.,CA,TSX,CAD,CAD,CAD,IFRS,Consumer Discretionary,,Vehicles & Parts,,Consumer_Cyclical,,,,,,,,,,,,,,Yes,No,Yes,No,No,Wikipedia 'S&P/TSX Composite Index' (2026-08-20); TSX60 from 'S&P/TSX 60' (2026-01-31),2026-08-20,
2026-08-20,NGEX,NGEX.TO,NGEX.TO,,Common,NGEx Minerals Ltd.,CA,TSX,CAD,CAD,CAD,IFRS,Materials,,Metals & Mining,,Materials,,,,,,,,,,,,,,Yes,No,Yes,No,No,Wikipedia 'S&P/TSX Composite Index' (2026-08-20); TSX60 from 'S&P/TSX 60' (2026-01-31),2026-08-20,
2026-08-20,NWC,NWC.TO,NWC.TO,,Common,North West Company Inc.,CA,TSX,CAD,CAD,CAD,IFRS,Consumer Staples,,Retailers - Staples,,Consumer_Defensive,,,,,,,,,,,,,,Yes,No,Yes,No,No,Wikipedia 'S&P/TSX Composite Index' (2026-08-20); TSX60 from 'S&P/TSX 60' (2026-01-31),2026-08-20,
2026-08-20,NPI,NPI.TO,NPI.TO,,Common,Northland Power Inc.,CA,TSX,CAD,CAD,CAD,IFRS,Energy,,Renewable Energy Producers,,Oil_Gas_Producers,,,,,,,,,,,,,,Yes,No,Yes,No,No,Wikipedia 'S&P/TSX Composite Index' (2026-08-20); TSX60 from 'S&P/TSX 60' (2026-01-31),2026-08-20,
2026-08-20,NG,NG.TO,NG.TO,,Common,NovaGold Resources Inc.,CA,TSX,CAD,CAD,CAD,IFRS,Materials,,Metals & Mining,,Materials,,,,,,,,,,,,,,Yes,No,Yes,No,No,Wikipedia 'S&P/TSX Composite Index' (2026-08-20); TSX60 from 'S&P/TSX 60' (2026-01-31),2026-08-20,
2026-08-20,NTR,NTR.TO,NTR.TO,,Common,Nutrien Ltd.,CA,TSX,CAD,CAD,CAD,IFRS,Materials,,Agriculture,,Materials,,,,,,,,,,,,,,Yes,No,Yes,Yes,No,Wikipedia 'S&P/TSX Composite Index' (2026-08-20); TSX60 from 'S&P/TSX 60' (2026-01-31),2026-08-20,
2026-08-20,OGC,OGC.TO,OGC.TO,,Common,OceanaGold Corporation,CA,TSX,CAD,CAD,CAD,IFRS,Materials,,Metals & Mining,,Materials,,,,,,,,,,,,,,Yes,No,Yes,No,No,Wikipedia 'S&P/TSX Composite Index' (2026-08-20); TSX60 from 'S&P/TSX 60' (2026-01-31),2026-08-20,
2026-08-20,ONEX,ONEX.TO,ONEX.TO,,Common,Onex Corporation,CA,TSX,CAD,CAD,CAD,IFRS,Financials,,Asset Management,,Financials,,,,,,,,,,,,,,Yes,No,Yes,No,No,Wikipedia 'S&P/TSX Composite Index' (2026-08-20); TSX60 from 'S&P/TSX 60' (2026-01-31),2026-08-20,
2026-08-20,OTEX,OTEX.TO,OTEX.TO,,Common,Open Text Corporation,CA,TSX,CAD,CAD,CAD,IFRS,Information Technology,,Software,,Software,,,,,,,,,,,,,,Yes,No,Yes,Yes,No,Wikipedia 'S&P/TSX Composite Index' (2026-08-20); TSX60 from 'S&P/TSX 60' (2026-01-31),2026-08-20,
2026-08-20,OLA,OLA.TO,OLA.TO,,Common,Orla Mining Ltd.,CA,TSX,CAD,CAD,CAD,IFRS,Materials,,Metals & Mining,,Materials,,,,,,,,,,,,,,Yes,No,Yes,No,No,Wikipedia 'S&P/TSX Composite Index' (2026-08-20); TSX60 from 'S&P/TSX 60' (2026-01-31),2026-08-20,
2026-08-20,OR,OR.TO,OR.TO,,Common,Osisko Gold Royalties Ltd.,CA,TSX,CAD,CAD,CAD,IFRS,Materials,,Metals & Mining,,Materials,,,,,,,,,,,,,,Yes,No,Yes,No,No,Wikipedia 'S&P/TSX Composite Index' (2026-08-20); TSX60 from 'S&P/TSX 60' (2026-01-31),2026-08-20,
2026-08-20,PAAS,PAAS.TO,PAAS.TO,,Common,Pan American Silver Corp.,CA,TSX,CAD,CAD,CAD,IFRS,Materials,,Metals & Mining,,Materials,,,,,,,,,,,,,,Yes,No,Yes,No,No,Wikipedia 'S&P/TSX Composite Index' (2026-08-20); TSX60 from 'S&P/TSX 60' (2026-01-31),2026-08-20,
2026-08-20,POU,POU.TO,POU.TO,,Common,Paramount Resources Ltd.,CA,TSX,CAD,CAD,CAD,IFRS,Energy,,Oil & Gas Exploration and Production,,Oil_Gas_Producers,,,,,,,,,,,,,,Yes,No,Yes,No,No,Wikipedia 'S&P/TSX Composite Index' (2026-08-20); TSX60 from 'S&P/TSX 60' (2026-01-31),2026-08-20,
2026-08-20,PXT,PXT.TO,PXT.TO,,Common,Parex Resources Inc.,CA,TSX,CAD,CAD,CAD,IFRS,Energy,,Oil & Gas Exploration and Production,,Oil_Gas_Producers,,,,,,,,,,,,,,Yes,No,Yes,No,No,Wikipedia 'S&P/TSX Composite Index' (2026-08-20); TSX60 from 'S&P/TSX 60' (2026-01-31),2026-08-20,
2026-08-20,PPL,PPL.TO,PPL.TO,,Common,Pembina Pipeline Corporation,CA,TSX,CAD,CAD,CAD,IFRS,Energy,,Oil & Gas Storage/Transport,,Oil_Gas_Producers,,,,,,,,,,,,,,Yes,No,Yes,Yes,No,Wikipedia 'S&P/TSX Composite Index' (2026-08-20); TSX60 from 'S&P/TSX 60' (2026-01-31),2026-08-20,
2026-08-20,PPTA,PPTA.TO,PPTA.TO,,Common,Perpetua Resources Corp.,CA,TSX,CAD,CAD,CAD,IFRS,Materials,,Metals & Mining,,Materials,,,,,,,,,,,,,,Yes,No,Yes,No,No,Wikipedia 'S&P/TSX Composite Index' (2026-08-20); TSX60 from 'S&P/TSX 60' (2026-01-31),2026-08-20,
2026-08-20,PET,PET.TO,PET.TO,,Common,Pet Valu Holdings Ltd.,CA,TSX,CAD,CAD,CAD,IFRS,Consumer Discretionary,,Specialty Retail,,Retail,,,,,,,,,,,,,,Yes,No,Yes,No,No,Wikipedia 'S&P/TSX Composite Index' (2026-08-20); TSX60 from 'S&P/TSX 60' (2026-01-31),2026-08-20,
2026-08-20,PEY,PEY.TO,PEY.TO,,Common,Peyto Exploration & Development Corp.,CA,TSX,CAD,CAD,CAD,IFRS,Energy,,Oil & Gas Exploration and Production,,Oil_Gas_Producers,,,,,,,,,,,,,,Yes,No,Yes,No,No,Wikipedia 'S&P/TSX Composite Index' (2026-08-20); TSX60 from 'S&P/TSX 60' (2026-01-31),2026-08-20,
2026-08-20,POW,POW.TO,POW.TO,,Common,Power Corporation of Canada,CA,TSX,CAD,CAD,CAD,IFRS,Financials,,Insurance,,Insurance,,,,,,,,,,,,,,Yes,No,Yes,Yes,No,Wikipedia 'S&P/TSX Composite Index' (2026-08-20); TSX60 from 'S&P/TSX 60' (2026-01-31),2026-08-20,
2026-08-20,PSK,PSK.TO,PSK.TO,,Common,PrairieSky Royalty Ltd.,CA,TSX,CAD,CAD,CAD,IFRS,Energy,,Oil & Gas Exploration and Production,,Oil_Gas_Producers,,,,,,,,,,,,,,Yes,No,Yes,No,No,Wikipedia 'S&P/TSX Composite Index' (2026-08-20); TSX60 from 'S&P/TSX 60' (2026-01-31),2026-08-20,
2026-08-20,PBH,PBH.TO,PBH.TO,,Common,Premium Brands Holdings Corporation,CA,TSX,CAD,CAD,CAD,IFRS,Consumer Staples,,Consumer Packaged Goods,,Consumer_Defensive,,,,,,,,,,,,,,Yes,No,Yes,No,No,Wikipedia 'S&P/TSX Composite Index' (2026-08-20); TSX60 from 'S&P/TSX 60' (2026-01-31),2026-08-20,
2026-08-20,PMZ.UN,PMZ-UN.TO,PMZ-UN.TO,,Unit (REIT),Primaris Real Estate Investment Trust,CA,TSX,CAD,CAD,CAD,IFRS,Real Estate,,REITs,,Real_Estate,,,,,,,,,,,,,,Yes,No,Yes,No,No,Wikipedia 'S&P/TSX Composite Index' (2026-08-20); TSX60 from 'S&P/TSX 60' (2026-01-31),2026-08-20,
2026-08-20,QBR.B,QBR.B.TO,QBR.B.TO,,Common,Quebecor Inc.,CA,TSX,CAD,CAD,CAD,IFRS,Communication Services,,Telecommunication Services,,Telecom,,,,,,,,,,,,,,Yes,No,Yes,No,No,Wikipedia 'S&P/TSX Composite Index' (2026-08-20); TSX60 from 'S&P/TSX 60' (2026-01-31),2026-08-20,
2026-08-20,RBA,RBA.TO,RBA.TO,,Common,"RB Global, Inc.",CA,TSX,CAD,CAD,CAD,IFRS,Industrials,,Specialty Business Services,,Industrials,,,,,,,,,,,,,,Yes,No,Yes,No,No,Wikipedia 'S&P/TSX Composite Index' (2026-08-20); TSX60 from 'S&P/TSX 60' (2026-01-31),2026-08-20,
2026-08-20,QSR,QSR.TO,QSR.TO,,Common,Restaurant Brands International Inc.,CA,TSX,CAD,CAD,CAD,IFRS,Consumer Discretionary,,Restaurants,,Fast_Food_Restaurants,,,,,,,,,,,,,,Yes,No,Yes,Yes,No,Wikipedia 'S&P/TSX Composite Index' (2026-08-20); TSX60 from 'S&P/TSX 60' (2026-01-31),2026-08-20,
2026-08-20,RCH,RCH.TO,RCH.TO,,Common,Richelieu Hardware Ltd.,CA,TSX,CAD,CAD,CAD,IFRS,Consumer Discretionary,,Home and Homeware,,Consumer_Cyclical,,,,,,,,,,,,,,Yes,No,Yes,No,No,Wikipedia 'S&P/TSX Composite Index' (2026-08-20); TSX60 from 'S&P/TSX 60' (2026-01-31),2026-08-20,
2026-08-20,REI.UN,REI-UN.TO,REI-UN.TO,,Unit (REIT),RioCan Real Estate Investment Trust,CA,TSX,CAD,CAD,CAD,IFRS,Real Estate,,REITs,,Real_Estate,,,,,,,,,,,,,,Yes,No,Yes,No,No,Wikipedia 'S&P/TSX Composite Index' (2026-08-20); TSX60 from 'S&P/TSX 60' (2026-01-31),2026-08-20,
2026-08-20,RCI.B,RCI.B.TO,RCI.B.TO,,Common,Rogers Communications Inc.,CA,TSX,CAD,CAD,CAD,IFRS,Communication Services,,Telecommunication Services,,Telecom,,,,,,,,,,,,,,Yes,No,Yes,Yes,No,Wikipedia 'S&P/TSX Composite Index' (2026-08-20); TSX60 from 'S&P/TSX 60' (2026-01-31),2026-08-20,
2026-08-20,RY,RY.TO,RY.TO,,Common,Royal Bank of Canada,CA,TSX,CAD,CAD,CAD,IFRS,Financials,,Banks,,Banks,,,,,,,,,,,,,,Yes,No,Yes,Yes,No,Wikipedia 'S&P/TSX Composite Index' (2026-08-20); TSX60 from 'S&P/TSX 60' (2026-01-31),2026-08-20,
2026-08-20,RUS,RUS.TO,RUS.TO,,Common,Russel Metals Inc.,CA,TSX,CAD,CAD,CAD,IFRS,Industrials,,Industrial Distribution,,Industrials,,,,,,,,,,,,,,Yes,No,Yes,No,No,Wikipedia 'S&P/TSX Composite Index' (2026-08-20); TSX60 from 'S&P/TSX 60' (2026-01-31),2026-08-20,
2026-08-20,SAP,SAP.TO,SAP.TO,,Common,Saputo Inc.,CA,TSX,CAD,CAD,CAD,IFRS,Consumer Staples,,Consumer Packaged Goods,,Consumer_Defensive,,,,,,,,,,,,,,Yes,No,Yes,Yes,No,Wikipedia 'S&P/TSX Composite Index' (2026-08-20); TSX60 from 'S&P/TSX 60' (2026-01-31),2026-08-20,
2026-08-20,SEA,SEA.TO,SEA.TO,,Common,Seabridge Gold Inc.,CA,TSX,CAD,CAD,CAD,IFRS,Materials,,Metals & Mining,,Materials,,,,,,,,,,,,,,Yes,No,Yes,No,No,Wikipedia 'S&P/TSX Composite Index' (2026-08-20); TSX60 from 'S&P/TSX 60' (2026-01-31),2026-08-20,
2026-08-20,SES,SES.TO,SES.TO,,Common,Secure Energy Services Inc.,CA,TSX,CAD,CAD,CAD,IFRS,Industrials,,Waste Management,,Industrials,,,,,,,,,,,,,,Yes,No,Yes,No,No,Wikipedia 'S&P/TSX Composite Index' (2026-08-20); TSX60 from 'S&P/TSX 60' (2026-01-31),2026-08-20,
2026-08-20,SHOP,SHOP.TO,SHOP.TO,,Common,Shopify Inc.,CA,TSX,CAD,CAD,CAD,IFRS,Information Technology,,Software,,Software,,,,,,,,,,,,,,Yes,No,Yes,Yes,No,Wikipedia 'S&P/TSX Composite Index' (2026-08-20); TSX60 from 'S&P/TSX 60' (2026-01-31),2026-08-20,
2026-08-20,SIA,SIA.TO,SIA.TO,,Common,Sienna Senior Living Inc.,CA,TSX,CAD,CAD,CAD,IFRS,Health Care,,Healthcare Providers & Services,,Medical_Devices_Services,,,,,,,,,,,,,,Yes,No,Yes,No,No,Wikipedia 'S&P/TSX Composite Index' (2026-08-20); TSX60 from 'S&P/TSX 60' (2026-01-31),2026-08-20,
2026-08-20,SVM,SVM.TO,SVM.TO,,Common,Silvercorp Metals Inc.,CA,TSX,CAD,CAD,CAD,IFRS,Materials,,Metals & Mining,,Materials,,,,,,,,,,,,,,Yes,No,Yes,No,No,Wikipedia 'S&P/TSX Composite Index' (2026-08-20); TSX60 from 'S&P/TSX 60' (2026-01-31),2026-08-20,
2026-08-20,SKE,SKE.TO,SKE.TO,,Common,Skeena Resources Limited,CA,TSX,CAD,CAD,CAD,IFRS,Materials,,Metals & Mining,,Materials,,,,,,,,,,,,,,Yes,No,Yes,No,No,Wikipedia 'S&P/TSX Composite Index' (2026-08-20); TSX60 from 'S&P/TSX 60' (2026-01-31),2026-08-20,
2026-08-20,SRU.UN,SRU-UN.TO,SRU-UN.TO,,Unit (REIT),SmartCentres Real Estate Investment Trust,CA,TSX,CAD,CAD,CAD,IFRS,Real Estate,,REITs,,Real_Estate,,,,,,,,,,,,,,Yes,No,Yes,No,No,Wikipedia 'S&P/TSX Composite Index' (2026-08-20); TSX60 from 'S&P/TSX 60' (2026-01-31),2026-08-20,
2026-08-20,SOBO,SOBO.TO,SOBO.TO,,Common,South Bow Corporation,CA,TSX,CAD,CAD,CAD,IFRS,Energy,,Oil & Gas Storage/Transport,,Oil_Gas_Producers,,,,,,,,,,,,,,Yes,No,Yes,No,No,Wikipedia 'S&P/TSX Composite Index' (2026-08-20); TSX60 from 'S&P/TSX 60' (2026-01-31),2026-08-20,
2026-08-20,SII,SII.TO,SII.TO,,Common,Sprott Inc.,CA,TSX,CAD,CAD,CAD,IFRS,Financials,,Asset Management,,Financials,,,,,,,,,,,,,,Yes,No,Yes,No,No,Wikipedia 'S&P/TSX Composite Index' (2026-08-20); TSX60 from 'S&P/TSX 60' (2026-01-31),2026-08-20,
2026-08-20,SSRM,SSRM.TO,SSRM.TO,,Common,SSR Mining Inc.,CA,TSX,CAD,CAD,CAD,IFRS,Materials,,Metals & Mining,,Materials,,,,,,,,,,,,,,Yes,No,Yes,No,No,Wikipedia 'S&P/TSX Composite Index' (2026-08-20); TSX60 from 'S&P/TSX 60' (2026-01-31),2026-08-20,
2026-08-20,STN,STN.TO,STN.TO,,Common,Stantec Inc.,CA,TSX,CAD,CAD,CAD,IFRS,Industrials,,Construction & Engineering,,Industrials,,,,,,,,,,,,,,Yes,No,Yes,No,No,Wikipedia 'S&P/TSX Composite Index' (2026-08-20); TSX60 from 'S&P/TSX 60' (2026-01-31),2026-08-20,
2026-08-20,SJ,SJ.TO,SJ.TO,,Common,Stella-Jones Inc.,CA,TSX,CAD,CAD,CAD,IFRS,Materials,,Forest Products,,Materials,,,,,,,,,,,,,,Yes,No,Yes,No,No,Wikipedia 'S&P/TSX Composite Index' (2026-08-20); TSX60 from 'S&P/TSX 60' (2026-01-31),2026-08-20,
2026-08-20,SCR,SCR.TO,SCR.TO,,Common,Strathcona Resources Ltd.,CA,TSX,CAD,CAD,CAD,IFRS,Energy,,Oil & Gas Exploration and Production,,Oil_Gas_Producers,,,,,,,,,,,,,,Yes,No,Yes,No,No,Wikipedia 'S&P/TSX Composite Index' (2026-08-20); TSX60 from 'S&P/TSX 60' (2026-01-31),2026-08-20,
2026-08-20,SLF,SLF.TO,SLF.TO,,Common,Sun Life Financial Inc.,CA,TSX,CAD,CAD,CAD,IFRS,Financials,,Insurance,,Insurance,,,,,,,,,,,,,,Yes,No,Yes,Yes,No,Wikipedia 'S&P/TSX Composite Index' (2026-08-20); TSX60 from 'S&P/TSX 60' (2026-01-31),2026-08-20,
2026-08-20,SU,SU.TO,SU.TO,,Common,Suncor Energy Inc.,CA,TSX,CAD,CAD,CAD,IFRS,Energy,,Integrated Oil & Gas,,Oil_Gas_Producers,,,,,,,,,,,,,,Yes,No,Yes,Yes,No,Wikipedia 'S&P/TSX Composite Index' (2026-08-20); TSX60 from 'S&P/TSX 60' (2026-01-31),2026-08-20,
2026-08-20,SPB,SPB.TO,SPB.TO,,Common,Superior Plus Corp.,CA,TSX,CAD,CAD,CAD,IFRS,Utilities,,Regulated Utilities,,Utilities_Regulated,,,,,,,,,,,,,,Yes,No,Yes,No,No,Wikipedia 'S&P/TSX Composite Index' (2026-08-20); TSX60 from 'S&P/TSX 60' (2026-01-31),2026-08-20,
2026-08-20,TVE,TVE.TO,TVE.TO,,Common,Tamarack Valley Energy Ltd.,CA,TSX,CAD,CAD,CAD,IFRS,Energy,,Oil & Gas Exploration and Production,,Oil_Gas_Producers,,,,,,,,,,,,,,Yes,No,Yes,No,No,Wikipedia 'S&P/TSX Composite Index' (2026-08-20); TSX60 from 'S&P/TSX 60' (2026-01-31),2026-08-20,
2026-08-20,TKO,TKO.TO,TKO.TO,,Common,Taseko Mines Limited,CA,TSX,CAD,CAD,CAD,IFRS,Materials,,Metals & Mining,,Materials,,,,,,,,,,,,,,Yes,No,Yes,No,No,Wikipedia 'S&P/TSX Composite Index' (2026-08-20); TSX60 from 'S&P/TSX 60' (2026-01-31),2026-08-20,
2026-08-20,TRP,TRP.TO,TRP.TO,,Common,TC Energy Corporation,CA,TSX,CAD,CAD,CAD,IFRS,Energy,,Oil & Gas Storage/Transport,,Pipelines_Midstream,,,,,,,,,,,,,,Yes,No,Yes,Yes,No,Wikipedia 'S&P/TSX Composite Index' (2026-08-20); TSX60 from 'S&P/TSX 60' (2026-01-31),2026-08-20,
2026-08-20,TECK.B,TECK.B.TO,TECK.B.TO,,Common,Teck Resources Limited,CA,TSX,CAD,CAD,CAD,IFRS,Materials,,Metals & Mining,,Materials,,,,,,,,,,,,,,Yes,No,Yes,Yes,No,Wikipedia 'S&P/TSX Composite Index' (2026-08-20); TSX60 from 'S&P/TSX 60' (2026-01-31),2026-08-20,
2026-08-20,T,T.TO,T.TO,,Common,Telus Corporation,CA,TSX,CAD,CAD,CAD,IFRS,Communication Services,,Telecommunication Services,,Telecom,,,,,,,,,,,,,,Yes,No,Yes,Yes,No,Wikipedia 'S&P/TSX Composite Index' (2026-08-20); TSX60 from 'S&P/TSX 60' (2026-01-31),2026-08-20,
2026-08-20,TVK,TVK.TO,TVK.TO,,Common,TerraVest Industries Inc.,CA,TSX,CAD,CAD,CAD,IFRS,Energy,,Oil & Gas Equipment & Services,,Oil_Gas_Producers,,,,,,,,,,,,,,Yes,No,Yes,No,No,Wikipedia 'S&P/TSX Composite Index' (2026-08-20); TSX60 from 'S&P/TSX 60' (2026-01-31),2026-08-20,
2026-08-20,TFII,TFII.TO,TFII.TO,,Common,TFI International Inc.,CA,TSX,CAD,CAD,CAD,IFRS,Industrials,,Transportation,,Industrials,,,,,,,,,,,,,,Yes,No,Yes,No,No,Wikipedia 'S&P/TSX Composite Index' (2026-08-20); TSX60 from 'S&P/TSX 60' (2026-01-31),2026-08-20,
2026-08-20,TRI,TRI.TO,TRI.TO,,Common,Thomson Reuters Corporation,CA,TSX,CAD,CAD,CAD,IFRS,Industrials,,Business Services,,Industrials,,,,,,,,,,,,,,Yes,No,Yes,Yes,No,Wikipedia 'S&P/TSX Composite Index' (2026-08-20); TSX60 from 'S&P/TSX 60' (2026-01-31),2026-08-20,
2026-08-20,X,X.TO,X.TO,,Common,TMX Group Limited,CA,TSX,CAD,CAD,CAD,IFRS,Financials,,Capital Markets,,Financials,,,,,,,,,,,,,,Yes,No,Yes,No,No,Wikipedia 'S&P/TSX Composite Index' (2026-08-20); TSX60 from 'S&P/TSX 60' (2026-01-31),2026-08-20,
2026-08-20,TPZ,TPZ.TO,TPZ.TO,,Common,Topaz Energy Corp.,CA,TSX,CAD,CAD,CAD,IFRS,Energy,,Oil & Gas Storage/Transport,,Oil_Gas_Producers,,,,,,,,,,,,,,Yes,No,Yes,No,No,Wikipedia 'S&P/TSX Composite Index' (2026-08-20); TSX60 from 'S&P/TSX 60' (2026-01-31),2026-08-20,
2026-08-20,TXG,TXG.TO,TXG.TO,,Common,Torex Gold Resources Inc.,CA,TSX,CAD,CAD,CAD,IFRS,Materials,,Metals & Mining,,Materials,,,,,,,,,,,,,,Yes,No,Yes,No,No,Wikipedia 'S&P/TSX Composite Index' (2026-08-20); TSX60 from 'S&P/TSX 60' (2026-01-31),2026-08-20,
2026-08-20,TIH,TIH.TO,TIH.TO,,Common,Toromont Industries Ltd.,CA,TSX,CAD,CAD,CAD,IFRS,Industrials,,Industrial Distribution,,Industrials,,,,,,,,,,,,,,Yes,No,Yes,No,No,Wikipedia 'S&P/TSX Composite Index' (2026-08-20); TSX60 from 'S&P/TSX 60' (2026-01-31),2026-08-20,
2026-08-20,TD,TD.TO,TD.TO,,Common,Toronto-Dominion Bank,CA,TSX,CAD,CAD,CAD,IFRS,Financials,,Banks,,Banks,,,,,,,,,,,,,,Yes,No,Yes,Yes,No,Wikipedia 'S&P/TSX Composite Index' (2026-08-20); TSX60 from 'S&P/TSX 60' (2026-01-31),2026-08-20,
2026-08-20,TOU,TOU.TO,TOU.TO,,Common,Tourmaline Oil Corp.,CA,TSX,CAD,CAD,CAD,IFRS,Energy,,Oil & Gas Exploration and Production,,Oil_Gas_Producers,,,,,,,,,,,,,,Yes,No,Yes,Yes,No,Wikipedia 'S&P/TSX Composite Index' (2026-08-20); TSX60 from 'S&P/TSX 60' (2026-01-31),2026-08-20,
2026-08-20,TA,TA.TO,TA.TO,,Common,TransAlta Corporation,CA,TSX,CAD,CAD,CAD,IFRS,Utilities,,Independent Power Producers,,Utilities_Regulated,,,,,,,,,,,,,,Yes,No,Yes,No,No,Wikipedia 'S&P/TSX Composite Index' (2026-08-20); TSX60 from 'S&P/TSX 60' (2026-01-31),2026-08-20,
2026-08-20,TCL.A,TCL.A.TO,TCL.A.TO,,Common,Transcontinental Inc.,CA,TSX,CAD,CAD,CAD,IFRS,Consumer Discretionary,,Containers & Packaging,,Consumer_Cyclical,,,,,,,,,,,,,,Yes,No,Yes,No,No,Wikipedia 'S&P/TSX Composite Index' (2026-08-20); TSX60 from 'S&P/TSX 60' (2026-01-31),2026-08-20,
2026-08-20,TFPM,TFPM.TO,TFPM.TO,,Common,Triple Flag Precious Metals Corp.,CA,TSX,CAD,CAD,CAD,IFRS,Materials,,Metals & Mining,,Materials,,,,,,,,,,,,,,Yes,No,Yes,No,No,Wikipedia 'S&P/TSX Composite Index' (2026-08-20); TSX60 from 'S&P/TSX 60' (2026-01-31),2026-08-20,
2026-08-20,TSU,TSU.TO,TSU.TO,,Common,Trisura Group Ltd.,CA,TSX,CAD,CAD,CAD,IFRS,Financials,,Insurance,,Insurance,,,,,,,,,,,,,,Yes,No,Yes,No,No,Wikipedia 'S&P/TSX Composite Index' (2026-08-20); TSX60 from 'S&P/TSX 60' (2026-01-31),2026-08-20,
2026-08-20,VET,VET.TO,VET.TO,,Common,Vermilion Energy Inc.,CA,TSX,CAD,CAD,CAD,IFRS,Energy,,Oil & Gas Exploration and Production,,Oil_Gas_Producers,,,,,,,,,,,,,,Yes,No,Yes,No,No,Wikipedia 'S&P/TSX Composite Index' (2026-08-20); TSX60 from 'S&P/TSX 60' (2026-01-31),2026-08-20,
2026-08-20,VITL.UN,VITL-UN.TO,VITL-UN.TO,,Unit (REIT),Vital Infrastructure Property Trust.,CA,TSX,CAD,CAD,CAD,IFRS,Real Estate,,REITs,,Real_Estate,,,,,,,,,,,,,,Yes,No,Yes,No,No,Wikipedia 'S&P/TSX Composite Index' (2026-08-20); TSX60 from 'S&P/TSX 60' (2026-01-31),2026-08-20,
2026-08-20,VZLA,VZLA.TO,VZLA.TO,,Common,Vizsla Silver Corp.,CA,TSX,CAD,CAD,CAD,IFRS,Materials,,Metals & Mining,,Materials,,,,,,,,,,,,,,Yes,No,Yes,No,No,Wikipedia 'S&P/TSX Composite Index' (2026-08-20); TSX60 from 'S&P/TSX 60' (2026-01-31),2026-08-20,
2026-08-20,WCN,WCN.TO,WCN.TO,,Common,Waste Connections Inc.,CA,TSX,CAD,CAD,CAD,IFRS,Industrials,,Waste Management,,Industrials,,,,,,,,,,,,,,Yes,No,Yes,Yes,No,Wikipedia 'S&P/TSX Composite Index' (2026-08-20); TSX60 from 'S&P/TSX 60' (2026-01-31),2026-08-20,
2026-08-20,WDO,WDO.TO,WDO.TO,,Common,Wesdome Gold Mines Ltd.,CA,TSX,CAD,CAD,CAD,IFRS,Materials,,Metals & Mining,,Materials,,,,,,,,,,,,,,Yes,No,Yes,No,No,Wikipedia 'S&P/TSX Composite Index' (2026-08-20); TSX60 from 'S&P/TSX 60' (2026-01-31),2026-08-20,
2026-08-20,WFG,WFG.TO,WFG.TO,,Common,West Fraser Timber Co. Ltd.,CA,TSX,CAD,CAD,CAD,IFRS,Materials,,Forestry,,Materials,,,,,,,,,,,,,,Yes,No,Yes,No,No,Wikipedia 'S&P/TSX Composite Index' (2026-08-20); TSX60 from 'S&P/TSX 60' (2026-01-31),2026-08-20,
2026-08-20,WPM,WPM.TO,WPM.TO,,Common,Wheaton Precious Metals Corp.,CA,TSX,CAD,CAD,CAD,IFRS,Materials,,Metals & Mining,,Materials,,,,,,,,,,,,,,Yes,No,Yes,Yes,No,Wikipedia 'S&P/TSX Composite Index' (2026-08-20); TSX60 from 'S&P/TSX 60' (2026-01-31),2026-08-20,
2026-08-20,WCP,WCP.TO,WCP.TO,,Common,Whitecap Resources Inc.,CA,TSX,CAD,CAD,CAD,IFRS,Energy,,Oil & Gas Exploration and Production,,Oil_Gas_Producers,,,,,,,,,,,,,,Yes,No,Yes,No,No,Wikipedia 'S&P/TSX Composite Index' (2026-08-20); TSX60 from 'S&P/TSX 60' (2026-01-31),2026-08-20,
2026-08-20,WPK,WPK.TO,WPK.TO,,Common,Winpak Ltd.,CA,TSX,CAD,CAD,CAD,IFRS,Consumer Discretionary,,Containers & Packaging,,Consumer_Cyclical,,,,,,,,,,,,,,Yes,No,Yes,No,No,Wikipedia 'S&P/TSX Composite Index' (2026-08-20); TSX60 from 'S&P/TSX 60' (2026-01-31),2026-08-20,
2026-08-20,WSP,WSP.TO,WSP.TO,,Common,WSP Global Inc.,CA,TSX,CAD,CAD,CAD,IFRS,Industrials,,Construction & Engineering,,Industrials,,,,,,,,,,,,,,Yes,No,Yes,Yes,No,Wikipedia 'S&P/TSX Composite Index' (2026-08-20); TSX60 from 'S&P/TSX 60' (2026-01-31),2026-08-20,
